time,canicule,temperature_2m_mean,snowfall_sum,Commune,Departement,year
1950-01-01,0,11.169315068493152,18.06,Orléans,45,1950
1951-01-01,0,10.662739726027398,1.75,Orléans,45,1951
1952-01-01,1,10.816939890710383,28.56,Orléans,45,1952
1953-01-01,0,10.926575342465751,13.44,Orléans,45,1953
1954-01-01,0,10.360821917808218,8.89,Orléans,45,1954
1955-01-01,0,10.768219178082193,22.05,Orléans,45,1955
1956-01-01,0,9.610928961748634,19.95,Orléans,45,1956
1957-01-01,0,11.146849315068494,2.59,Orléans,45,1957
1958-01-01,0,10.7986301369863,18.69,Orléans,45,1958
1959-01-01,0,12.202465753424656,7.42,Orléans,45,1959
1960-01-01,0,11.086065573770492,10.29,Orléans,45,1960
1961-01-01,0,12.013424657534246,2.31,Orléans,45,1961
1962-01-01,0,9.94,25.41,Orléans,45,1962
1963-01-01,0,9.691232876712329,12.46,Orléans,45,1963
1964-01-01,1,10.853278688524592,19.88,Orléans,45,1964
1965-01-01,0,10.335616438356164,10.64,Orléans,45,1965
1966-01-01,0,11.047397260273971,8.61,Orléans,45,1966
1967-01-01,0,10.843835616438357,3.43,Orléans,45,1967
1968-01-01,0,10.390437158469943,22.33,Orléans,45,1968
1969-01-01,0,10.663835616438355,23.31,Orléans,45,1969
1970-01-01,0,10.627397260273971,36.96,Orléans,45,1970
1971-01-01,0,10.557808219178082,14.14,Orléans,45,1971
1972-01-01,0,10.249453551912568,7.7,Orléans,45,1972
1973-01-01,0,10.55945205479452,11.9,Orléans,45,1973
1974-01-01,0,10.962465753424658,6.3,Orléans,45,1974
1975-01-01,0,10.59013698630137,12.11,Orléans,45,1975
1976-01-01,0,11.423224043715846,6.65,Orléans,45,1976
1977-01-01,0,10.694246575342468,0.77,Orléans,45,1977
1978-01-01,0,10.226027397260276,30.94,Orléans,45,1978
1979-01-01,0,10.207397260273972,32.69,Orléans,45,1979
1980-01-01,0,10.03360655737705,18.48,Orléans,45,1980
1981-01-01,0,10.686027397260274,21.42,Orléans,45,1981
1982-01-01,0,11.56821917808219,3.29,Orléans,45,1982
1983-01-01,0,11.228219178082192,8.82,Orléans,45,1983
1984-01-01,0,10.728415300546448,8.82,Orléans,45,1984
1985-01-01,0,9.947945205479453,31.78,Orléans,45,1985
1986-01-01,0,10.27972602739726,29.89,Orléans,45,1986
1987-01-01,0,10.164931506849314,27.72,Orléans,45,1987
1988-01-01,0,11.520218579234973,4.55,Orléans,45,1988
1989-01-01,0,12.058904109589042,0.21,Orléans,45,1989
1990-01-01,3,12.373150684931506,4.2,Orléans,45,1990
1991-01-01,0,10.87808219178082,7.56,Orléans,45,1991
1992-01-01,1,11.296174863387977,0.56,Orléans,45,1992
1993-01-01,0,10.967671232876713,5.88,Orléans,45,1993
1994-01-01,0,12.301917808219178,4.48,Orléans,45,1994
1995-01-01,0,11.826575342465754,4.2,Orléans,45,1995
1996-01-01,0,10.656284153005464,19.81,Orléans,45,1996
1997-01-01,0,11.712328767123289,6.72,Orléans,45,1997
1998-01-01,2,11.295890410958904,3.22,Orléans,45,1998
1999-01-01,0,11.938356164383562,16.169999999999998,Orléans,45,1999
2000-01-01,0,11.78032786885246,0.84,Orléans,45,2000
2001-01-01,0,11.33041095890411,4.34,Orléans,45,2001
2002-01-01,0,12.038082191780822,0.28,Orléans,45,2002
2003-01-01,10,12.337808219178084,11.06,Orléans,45,2003
2004-01-01,0,11.496448087431691,16.17,Orléans,45,2004
2005-01-01,0,11.755342465753424,23.52,Orléans,45,2005
2006-01-01,3,12.202739726027398,14.84,Orléans,45,2006
2007-01-01,0,11.76082191780822,1.05,Orléans,45,2007
2008-01-01,0,11.239890710382516,6.720000000000001,Orléans,45,2008
2009-01-01,0,11.718082191780825,14.42,Orléans,45,2009
2010-01-01,0,10.585205479452055,45.29,Orléans,45,2010
2011-01-01,0,12.70958904109589,0.07,Orléans,45,2011
2012-01-01,2,11.550819672131148,7.210000000000001,Orléans,45,2012
2013-01-01,0,11.172054794520548,24.08,Orléans,45,2013
2014-01-01,0,12.367945205479453,0.07,Orléans,45,2014
2015-01-01,2,12.432602739726027,2.38,Orléans,45,2015
2016-01-01,1,11.796994535519126,2.17,Orléans,45,2016
2017-01-01,3,12.125479452054796,4.69,Orléans,45,2017
2018-01-01,2,12.85068493150685,21.7,Orléans,45,2018
2019-01-01,6,12.596712328767124,9.17,Orléans,45,2019
2020-01-01,3,13.110382513661202,1.05,Orléans,45,2020
2021-01-01,0,11.576712328767124,14.21,Orléans,45,2021
2022-01-01,2,13.123835616438356,2.1,Orléans,45,2022
2023-01-01,0,13.015342465753426,3.3600000000000003,Orléans,45,2023
2024-01-01,2,12.194535519125685,11.2,Orléans,45,2024
2025-01-01,3,12.564931506849314,3.01,Orléans,45,2025
1950-01-01,0,11.443835616438356,11.48,Blois,41,1950
1951-01-01,0,10.803835616438356,1.47,Blois,41,1951
1952-01-01,1,11.062295081967214,24.64,Blois,41,1952
1953-01-01,0,11.150136986301373,16.24,Blois,41,1953
1954-01-01,0,10.591506849315069,6.09,Blois,41,1954
1955-01-01,0,11.032054794520548,18.55,Blois,41,1955
1956-01-01,0,9.906010928961749,19.32,Blois,41,1956
1957-01-01,0,11.429041095890412,0.49,Blois,41,1957
1958-01-01,0,11.032328767123287,9.8,Blois,41,1958
1959-01-01,0,12.498082191780822,10.43,Blois,41,1959
1960-01-01,0,11.274863387978144,11.41,Blois,41,1960
1961-01-01,0,12.23917808219178,0.77,Blois,41,1961
1962-01-01,0,10.254794520547945,19.53,Blois,41,1962
1963-01-01,0,9.925205479452057,14.91,Blois,41,1963
1964-01-01,0,11.039890710382512,22.75,Blois,41,1964
1965-01-01,0,10.59013698630137,11.9,Blois,41,1965
1966-01-01,0,11.27068493150685,9.38,Blois,41,1966
1967-01-01,0,11.048219178082192,7.56,Blois,41,1967
1968-01-01,0,10.674590163934427,16.03,Blois,41,1968
1969-01-01,0,10.97041095890411,18.55,Blois,41,1969
1970-01-01,0,10.903835616438355,21.77,Blois,41,1970
1971-01-01,0,10.802465753424658,14.84,Blois,41,1971
1972-01-01,0,10.462841530054645,2.03,Blois,41,1972
1973-01-01,0,10.793698630136983,9.17,Blois,41,1973
1974-01-01,0,11.210958904109589,4.06,Blois,41,1974
1975-01-01,0,10.853698630136986,12.11,Blois,41,1975
1976-01-01,0,11.679234972677596,5.8100000000000005,Blois,41,1976
1977-01-01,0,10.89972602739726,0.28,Blois,41,1977
1978-01-01,0,10.53835616438356,21.98,Blois,41,1978
1979-01-01,0,10.546575342465754,17.01,Blois,41,1979
1980-01-01,0,10.219398907103823,18.13,Blois,41,1980
1981-01-01,0,10.956438356164384,15.26,Blois,41,1981
1982-01-01,0,11.827123287671233,2.59,Blois,41,1982
1983-01-01,0,11.446849315068494,7.49,Blois,41,1983
1984-01-01,0,11.009562841530055,4.41,Blois,41,1984
1985-01-01,0,10.267123287671232,23.66,Blois,41,1985
1986-01-01,0,10.53835616438356,25.41,Blois,41,1986
1987-01-01,0,10.469041095890413,23.17,Blois,41,1987
1988-01-01,0,11.723497267759564,3.15,Blois,41,1988
1989-01-01,0,12.385479452054794,0.0,Blois,41,1989
1990-01-01,3,12.683561643835615,2.1,Blois,41,1990
1991-01-01,0,11.13013698630137,7.77,Blois,41,1991
1992-01-01,1,11.52295081967213,0.0,Blois,41,1992
1993-01-01,0,11.182739726027396,6.44,Blois,41,1993
1994-01-01,0,12.539178082191782,3.01,Blois,41,1994
1995-01-01,0,12.103835616438356,4.2,Blois,41,1995
1996-01-01,0,11.01639344262295,17.08,Blois,41,1996
1997-01-01,0,12.047397260273971,11.97,Blois,41,1997
1998-01-01,2,11.516986301369862,2.17,Blois,41,1998
1999-01-01,0,12.186301369863012,10.64,Blois,41,1999
2000-01-01,0,12.005737704918031,0.07,Blois,41,2000
2001-01-01,0,11.572876712328767,4.41,Blois,41,2001
2002-01-01,0,12.234794520547943,0.0,Blois,41,2002
2003-01-01,11,12.60986301369863,11.83,Blois,41,2003
2004-01-01,0,11.773770491803278,10.22,Blois,41,2004
2005-01-01,0,12.087397260273972,15.26,Blois,41,2005
2006-01-01,2,12.413698630136986,16.52,Blois,41,2006
2007-01-01,0,11.97917808219178,1.89,Blois,41,2007
2008-01-01,0,11.409562841530054,4.48,Blois,41,2008
2009-01-01,0,11.955068493150684,11.13,Blois,41,2009
2010-01-01,0,10.856986301369863,29.47,Blois,41,2010
2011-01-01,0,12.905479452054797,0.07,Blois,41,2011
2012-01-01,1,11.726229508196722,8.4,Blois,41,2012
2013-01-01,0,11.411506849315067,19.95,Blois,41,2013
2014-01-01,0,12.590136986301369,0.0,Blois,41,2014
2015-01-01,1,12.678082191780822,0.98,Blois,41,2015
2016-01-01,0,12.060382513661205,3.57,Blois,41,2016
2017-01-01,3,12.492876712328766,1.61,Blois,41,2017
2018-01-01,0,13.033424657534246,18.76,Blois,41,2018
2019-01-01,7,12.882191780821918,4.13,Blois,41,2019
2020-01-01,0,13.297814207650273,0.21,Blois,41,2020
2021-01-01,0,11.895068493150683,10.15,Blois,41,2021
2022-01-01,2,13.50027397260274,2.31,Blois,41,2022
2023-01-01,0,13.283561643835617,6.3,Blois,41,2023
2024-01-01,1,12.447540983606558,5.95,Blois,41,2024
2025-01-01,3,12.765753424657534,5.18,Blois,41,2025
1950-01-01,1,13.455616438356165,60.34,Carcassonne,11,1950
1951-01-01,0,12.51972602739726,36.68,Carcassonne,11,1951
1952-01-01,0,13.50382513661202,30.52,Carcassonne,11,1952
1953-01-01,0,12.932876712328769,43.89,Carcassonne,11,1953
1954-01-01,0,12.249589041095891,61.53,Carcassonne,11,1954
1955-01-01,0,13.866027397260275,16.24,Carcassonne,11,1955
1956-01-01,0,11.676502732240438,52.29,Carcassonne,11,1956
1957-01-01,0,12.624657534246577,18.48,Carcassonne,11,1957
1958-01-01,0,13.073424657534249,35.21,Carcassonne,11,1958
1959-01-01,0,13.48082191780822,10.64,Carcassonne,11,1959
1960-01-01,0,12.91967213114754,70.0,Carcassonne,11,1960
1961-01-01,0,14.10931506849315,4.97,Carcassonne,11,1961
1962-01-01,0,12.929589041095891,20.09,Carcassonne,11,1962
1963-01-01,0,12.003287671232876,31.08,Carcassonne,11,1963
1964-01-01,0,13.052185792349729,19.88,Carcassonne,11,1964
1965-01-01,0,12.62794520547945,24.71,Carcassonne,11,1965
1966-01-01,0,13.22,12.25,Carcassonne,11,1966
1967-01-01,0,13.154794520547943,30.1,Carcassonne,11,1967
1968-01-01,0,13.0,21.56,Carcassonne,11,1968
1969-01-01,0,12.491506849315067,26.74,Carcassonne,11,1969
1970-01-01,0,12.936986301369863,56.35,Carcassonne,11,1970
1971-01-01,0,12.733150684931507,29.4,Carcassonne,11,1971
1972-01-01,0,12.41639344262295,15.89,Carcassonne,11,1972
1973-01-01,0,12.675342465753424,28.84,Carcassonne,11,1973
1974-01-01,0,12.517808219178082,22.05,Carcassonne,11,1974
1975-01-01,0,12.748493150684933,27.93,Carcassonne,11,1975
1976-01-01,0,12.939617486338795,14.49,Carcassonne,11,1976
1977-01-01,0,12.735342465753424,31.92,Carcassonne,11,1977
1978-01-01,0,12.475342465753425,65.8,Carcassonne,11,1978
1979-01-01,0,12.687397260273972,19.25,Carcassonne,11,1979
1980-01-01,0,11.967759562841527,61.95,Carcassonne,11,1980
1981-01-01,0,12.95945205479452,48.370000000000005,Carcassonne,11,1981
1982-01-01,2,13.534520547945206,19.39,Carcassonne,11,1982
1983-01-01,0,13.310958904109588,35.56,Carcassonne,11,1983
1984-01-01,0,12.480601092896174,12.74,Carcassonne,11,1984
1985-01-01,0,12.657260273972602,30.24,Carcassonne,11,1985
1986-01-01,0,13.215068493150683,54.74,Carcassonne,11,1986
1987-01-01,1,13.135068493150683,39.27,Carcassonne,11,1987
1988-01-01,0,13.416939890710385,16.66,Carcassonne,11,1988
1989-01-01,0,14.438356164383562,3.08,Carcassonne,11,1989
1990-01-01,0,14.01972602739726,13.65,Carcassonne,11,1990
1991-01-01,0,13.026027397260274,12.18,Carcassonne,11,1991
1992-01-01,0,12.87295081967213,39.2,Carcassonne,11,1992
1993-01-01,0,12.981643835616438,23.73,Carcassonne,11,1993
1994-01-01,0,14.023013698630136,19.11,Carcassonne,11,1994
1995-01-01,0,13.72,5.95,Carcassonne,11,1995
1996-01-01,0,13.172677595628414,29.19,Carcassonne,11,1996
1997-01-01,0,14.43808219178082,14.7,Carcassonne,11,1997
1998-01-01,0,13.30794520547945,6.51,Carcassonne,11,1998
1999-01-01,0,13.550684931506847,25.13,Carcassonne,11,1999
2000-01-01,0,13.5224043715847,5.180000000000001,Carcassonne,11,2000
2001-01-01,0,13.554246575342466,19.88,Carcassonne,11,2001
2002-01-01,0,13.785479452054794,3.78,Carcassonne,11,2002
2003-01-01,5,14.536986301369865,31.36,Carcassonne,11,2003
2004-01-01,1,13.458196721311475,22.96,Carcassonne,11,2004
2005-01-01,0,13.0586301369863,34.51,Carcassonne,11,2005
2006-01-01,1,14.293424657534247,20.23,Carcassonne,11,2006
2007-01-01,0,13.365479452054794,15.4,Carcassonne,11,2007
2008-01-01,0,13.402732240437157,25.83,Carcassonne,11,2008
2009-01-01,0,14.017808219178082,22.89,Carcassonne,11,2009
2010-01-01,1,12.94,65.59,Carcassonne,11,2010
2011-01-01,0,14.587123287671233,2.17,Carcassonne,11,2011
2012-01-01,1,13.783333333333331,12.95,Carcassonne,11,2012
2013-01-01,0,13.10082191780822,52.57,Carcassonne,11,2013
2014-01-01,0,14.28164383561644,11.34,Carcassonne,11,2014
2015-01-01,0,14.165479452054791,24.22,Carcassonne,11,2015
2016-01-01,0,14.357377049180329,7.91,Carcassonne,11,2016
2017-01-01,0,14.613698630136986,7.700000000000001,Carcassonne,11,2017
2018-01-01,3,15.11013698630137,5.18,Carcassonne,11,2018
2019-01-01,3,14.873424657534247,0.14,Carcassonne,11,2019
2020-01-01,1,15.14590163934426,0.14,Carcassonne,11,2020
2021-01-01,1,14.543287671232877,3.71,Carcassonne,11,2021
2022-01-01,6,16.198082191780824,2.7300000000000004,Carcassonne,11,2022
2023-01-01,7,15.793698630136983,11.69,Carcassonne,11,2023
2024-01-01,3,15.380601092896176,0.0,Carcassonne,11,2024
2025-01-01,16,15.981917808219178,0.49,Carcassonne,11,2025
1950-01-01,0,11.115616438356165,4.0600000000000005,Saint-Lô,50,1950
1951-01-01,0,11.007671232876714,3.78,Saint-Lô,50,1951
1952-01-01,1,10.908196721311477,21.56,Saint-Lô,50,1952
1953-01-01,0,11.036164383561644,18.13,Saint-Lô,50,1953
1954-01-01,0,10.525479452054794,8.33,Saint-Lô,50,1954
1955-01-01,0,10.751506849315067,21.77,Saint-Lô,50,1955
1956-01-01,0,9.9827868852459,22.26,Saint-Lô,50,1956
1957-01-01,0,11.41753424657534,0.49,Saint-Lô,50,1957
1958-01-01,0,10.986301369863014,31.85,Saint-Lô,50,1958
1959-01-01,0,12.1186301369863,1.47,Saint-Lô,50,1959
1960-01-01,0,11.237158469945356,14.56,Saint-Lô,50,1960
1961-01-01,2,11.684109589041096,1.33,Saint-Lô,50,1961
1962-01-01,0,10.097534246575345,26.81,Saint-Lô,50,1962
1963-01-01,0,9.683287671232875,19.04,Saint-Lô,50,1963
1964-01-01,0,10.658196721311477,23.1,Saint-Lô,50,1964
1965-01-01,0,10.474794520547944,13.09,Saint-Lô,50,1965
1966-01-01,0,11.035068493150684,4.97,Saint-Lô,50,1966
1967-01-01,0,10.94027397260274,12.32,Saint-Lô,50,1967
1968-01-01,1,10.71256830601093,6.65,Saint-Lô,50,1968
1969-01-01,0,11.036438356164384,17.080000000000002,Saint-Lô,50,1969
1970-01-01,0,10.957808219178082,38.57,Saint-Lô,50,1970
1971-01-01,0,11.033698630136987,17.29,Saint-Lô,50,1971
1972-01-01,0,10.45792349726776,19.81,Saint-Lô,50,1972
1973-01-01,0,10.761643835616438,6.16,Saint-Lô,50,1973
1974-01-01,0,10.892876712328768,1.4700000000000002,Saint-Lô,50,1974
1975-01-01,2,10.99890410958904,8.61,Saint-Lô,50,1975
1976-01-01,4,11.433060109289617,11.69,Saint-Lô,50,1976
1977-01-01,0,10.841369863013698,7.42,Saint-Lô,50,1977
1978-01-01,0,10.64054794520548,27.58,Saint-Lô,50,1978
1979-01-01,0,10.3786301369863,31.36,Saint-Lô,50,1979
1980-01-01,0,10.50136612021858,9.66,Saint-Lô,50,1980
1981-01-01,0,11.073698630136986,18.48,Saint-Lô,50,1981
1982-01-01,0,11.554246575342466,10.43,Saint-Lô,50,1982
1983-01-01,0,11.37945205479452,7.56,Saint-Lô,50,1983
1984-01-01,0,11.057650273224043,11.2,Saint-Lô,50,1984
1985-01-01,0,10.402465753424655,28.14,Saint-Lô,50,1985
1986-01-01,0,10.375068493150684,25.55,Saint-Lô,50,1986
1987-01-01,0,10.494794520547943,21.49,Saint-Lô,50,1987
1988-01-01,0,11.475136612021856,4.48,Saint-Lô,50,1988
1989-01-01,0,12.187945205479451,4.48,Saint-Lô,50,1989
1990-01-01,3,12.27150684931507,2.45,Saint-Lô,50,1990
1991-01-01,0,10.847945205479451,4.34,Saint-Lô,50,1991
1992-01-01,0,11.283879781420763,0.49,Saint-Lô,50,1992
1993-01-01,0,11.028767123287672,3.85,Saint-Lô,50,1993
1994-01-01,0,11.974520547945206,2.38,Saint-Lô,50,1994
1995-01-01,1,11.967671232876713,1.12,Saint-Lô,50,1995
1996-01-01,1,10.683879781420766,26.95,Saint-Lô,50,1996
1997-01-01,0,11.705205479452054,9.24,Saint-Lô,50,1997
1998-01-01,1,11.461369863013696,2.24,Saint-Lô,50,1998
1999-01-01,0,12.043835616438356,11.13,Saint-Lô,50,1999
2000-01-01,0,11.653005464480874,1.82,Saint-Lô,50,2000
2001-01-01,1,11.50164383561644,4.76,Saint-Lô,50,2001
2002-01-01,0,11.926301369863015,0.77,Saint-Lô,50,2002
2003-01-01,6,12.044931506849316,9.1,Saint-Lô,50,2003
2004-01-01,1,11.702732240437156,14.7,Saint-Lô,50,2004
2005-01-01,1,11.885205479452056,14.84,Saint-Lô,50,2005
2006-01-01,3,11.987397260273973,18.48,Saint-Lô,50,2006
2007-01-01,0,11.763287671232876,6.23,Saint-Lô,50,2007
2008-01-01,0,11.367486338797814,4.2,Saint-Lô,50,2008
2009-01-01,0,11.414520547945203,7.91,Saint-Lô,50,2009
2010-01-01,0,10.513150684931508,36.68,Saint-Lô,50,2010
2011-01-01,0,12.365753424657534,0.35,Saint-Lô,50,2011
2012-01-01,0,11.364207650273224,5.81,Saint-Lô,50,2012
2013-01-01,1,11.195890410958905,40.67,Saint-Lô,50,2013
2014-01-01,0,12.382739726027395,0.07,Saint-Lô,50,2014
2015-01-01,0,12.043835616438356,4.48,Saint-Lô,50,2015
2016-01-01,1,11.725409836065571,6.02,Saint-Lô,50,2016
2017-01-01,2,11.575342465753424,4.0600000000000005,Saint-Lô,50,2017
2018-01-01,0,11.762465753424658,7.28,Saint-Lô,50,2018
2019-01-01,2,11.59917808219178,3.9899999999999993,Saint-Lô,50,2019
2020-01-01,3,12.16448087431694,0.77,Saint-Lô,50,2020
2021-01-01,0,11.066301369863012,8.89,Saint-Lô,50,2021
2022-01-01,3,12.405753424657536,7.839999999999999,Saint-Lô,50,2022
2023-01-01,1,12.288493150684932,9.94,Saint-Lô,50,2023
2024-01-01,0,11.810109289617486,33.46,Saint-Lô,50,2024
2025-01-01,1,11.746301369863012,12.25,Saint-Lô,50,2025
1950-01-01,0,11.419452054794522,142.52,Foix,9,1950
1951-01-01,0,10.588767123287672,171.29,Foix,9,1951
1952-01-01,0,11.292349726775956,121.87,Foix,9,1952
1953-01-01,0,10.923835616438357,88.97,Foix,9,1953
1954-01-01,0,10.218630136986302,137.13,Foix,9,1954
1955-01-01,0,11.673972602739726,61.25,Foix,9,1955
1956-01-01,0,9.641803278688524,131.39,Foix,9,1956
1957-01-01,0,10.86027397260274,92.89,Foix,9,1957
1958-01-01,0,11.302191780821918,133.49,Foix,9,1958
1959-01-01,0,11.714246575342464,135.03,Foix,9,1959
1960-01-01,0,11.23032786885246,153.09,Foix,9,1960
1961-01-01,0,12.265753424657534,61.67,Foix,9,1961
1962-01-01,0,11.124383561643835,118.02,Foix,9,1962
1963-01-01,0,10.264657534246576,118.23,Foix,9,1963
1964-01-01,0,11.579508196721312,82.67,Foix,9,1964
1965-01-01,0,10.827123287671233,134.82,Foix,9,1965
1966-01-01,0,11.539178082191782,138.25,Foix,9,1966
1967-01-01,0,11.32109589041096,103.04,Foix,9,1967
1968-01-01,0,11.35191256830601,124.81,Foix,9,1968
1969-01-01,0,10.717534246575342,136.01,Foix,9,1969
1970-01-01,0,11.015342465753424,150.15,Foix,9,1970
1971-01-01,0,10.73150684931507,164.15,Foix,9,1971
1972-01-01,0,10.337431693989071,145.39,Foix,9,1972
1973-01-01,0,10.688767123287672,141.54,Foix,9,1973
1974-01-01,0,10.56986301369863,146.86,Foix,9,1974
1975-01-01,0,10.826575342465754,138.81,Foix,9,1975
1976-01-01,0,10.98032786885246,84.35,Foix,9,1976
1977-01-01,0,10.99780821917808,107.17,Foix,9,1977
1978-01-01,0,10.564931506849314,180.32,Foix,9,1978
1979-01-01,0,10.876712328767123,142.66,Foix,9,1979
1980-01-01,0,10.30655737704918,179.83,Foix,9,1980
1981-01-01,0,11.365205479452056,118.79,Foix,9,1981
1982-01-01,0,11.770958904109587,128.66,Foix,9,1982
1983-01-01,0,11.813150684931507,99.4,Foix,9,1983
1984-01-01,0,10.681147540983607,99.05,Foix,9,1984
1985-01-01,0,11.07095890410959,122.36,Foix,9,1985
1986-01-01,0,11.291780821917808,175.63,Foix,9,1986
1987-01-01,0,11.617260273972605,116.13,Foix,9,1987
1988-01-01,0,11.7551912568306,101.36,Foix,9,1988
1989-01-01,0,12.628767123287671,51.03,Foix,9,1989
1990-01-01,0,12.144657534246576,100.66,Foix,9,1990
1991-01-01,0,11.304931506849316,133.84,Foix,9,1991
1992-01-01,0,11.309016393442624,139.16,Foix,9,1992
1993-01-01,0,11.388493150684932,91.35,Foix,9,1993
1994-01-01,0,12.253972602739726,137.34,Foix,9,1994
1995-01-01,0,11.87205479452055,96.25,Foix,9,1995
1996-01-01,0,11.26967213114754,124.67,Foix,9,1996
1997-01-01,0,12.744109589041097,49.35,Foix,9,1997
1998-01-01,0,11.679726027397262,82.17999999999999,Foix,9,1998
1999-01-01,0,11.635068493150683,132.51,Foix,9,1999
2000-01-01,0,12.045355191256832,54.88,Foix,9,2000
2001-01-01,0,11.611506849315068,124.18,Foix,9,2001
2002-01-01,0,11.961369863013696,89.04,Foix,9,2002
2003-01-01,0,12.5586301369863,165.55,Foix,9,2003
2004-01-01,0,11.607377049180329,120.05,Foix,9,2004
2005-01-01,0,11.247945205479452,148.75,Foix,9,2005
2006-01-01,0,12.66054794520548,69.37,Foix,9,2006
2007-01-01,0,11.61917808219178,89.32,Foix,9,2007
2008-01-01,0,11.518032786885248,105.77,Foix,9,2008
2009-01-01,0,12.153424657534249,129.99,Foix,9,2009
2010-01-01,0,10.912328767123288,156.66,Foix,9,2010
2011-01-01,0,12.664383561643836,43.96,Foix,9,2011
2012-01-01,0,11.852459016393444,106.89,Foix,9,2012
2013-01-01,0,11.222465753424656,219.59,Foix,9,2013
2014-01-01,0,12.467945205479452,103.6,Foix,9,2014
2015-01-01,0,12.575068493150685,87.92,Foix,9,2015
2016-01-01,0,12.4,76.09,Foix,9,2016
2017-01-01,0,13.137260273972604,87.85,Foix,9,2017
2018-01-01,0,13.491780821917809,65.45,Foix,9,2018
2019-01-01,0,13.337808219178084,53.55,Foix,9,2019
2020-01-01,0,13.731147540983608,42.14,Foix,9,2020
2021-01-01,0,13.107671232876712,50.68,Foix,9,2021
2022-01-01,0,14.731780821917807,17.71,Foix,9,2022
2023-01-01,0,14.074520547945204,39.27,Foix,9,2023
2024-01-01,0,13.806284153005466,40.6,Foix,9,2024
2025-01-01,0,13.687397260273972,43.61,Foix,9,2025
1950-01-01,0,11.413972602739728,47.32,Tarbes,65,1950
1951-01-01,0,10.592602739726027,70.42,Tarbes,65,1951
1952-01-01,0,11.215300546448088,50.61,Tarbes,65,1952
1953-01-01,0,10.816164383561643,44.52,Tarbes,65,1953
1954-01-01,0,10.251232876712328,56.98,Tarbes,65,1954
1955-01-01,0,11.689315068493151,26.39,Tarbes,65,1955
1956-01-01,0,9.655737704918034,51.8,Tarbes,65,1956
1957-01-01,0,10.911780821917809,49.49,Tarbes,65,1957
1958-01-01,0,11.457260273972604,34.16,Tarbes,65,1958
1959-01-01,0,11.931506849315069,12.6,Tarbes,65,1959
1960-01-01,0,11.30928961748634,37.59,Tarbes,65,1960
1961-01-01,0,12.351506849315069,11.69,Tarbes,65,1961
1962-01-01,1,11.213972602739728,30.94,Tarbes,65,1962
1963-01-01,0,10.4213698630137,19.95,Tarbes,65,1963
1964-01-01,0,11.439617486338795,12.04,Tarbes,65,1964
1965-01-01,0,10.941643835616436,34.86,Tarbes,65,1965
1966-01-01,0,11.6772602739726,14.7,Tarbes,65,1966
1967-01-01,0,11.20027397260274,33.74,Tarbes,65,1967
1968-01-01,0,11.50382513661202,19.74,Tarbes,65,1968
1969-01-01,0,10.855068493150684,32.76,Tarbes,65,1969
1970-01-01,0,11.067123287671231,46.06,Tarbes,65,1970
1971-01-01,0,10.782739726027398,40.88,Tarbes,65,1971
1972-01-01,0,10.333060109289615,16.03,Tarbes,65,1972
1973-01-01,0,10.792054794520547,42.91,Tarbes,65,1973
1974-01-01,1,10.751780821917809,25.97,Tarbes,65,1974
1975-01-01,0,10.86164383561644,43.54,Tarbes,65,1975
1976-01-01,0,10.978415300546448,23.66,Tarbes,65,1976
1977-01-01,0,10.955068493150684,28.77,Tarbes,65,1977
1978-01-01,0,10.76986301369863,78.33,Tarbes,65,1978
1979-01-01,0,10.987123287671231,19.67,Tarbes,65,1979
1980-01-01,0,10.5051912568306,41.37,Tarbes,65,1980
1981-01-01,0,11.572328767123286,28.56,Tarbes,65,1981
1982-01-01,0,11.91095890410959,21.28,Tarbes,65,1982
1983-01-01,0,11.835342465753424,24.15,Tarbes,65,1983
1984-01-01,0,10.840437158469944,22.82,Tarbes,65,1984
1985-01-01,1,11.15972602739726,36.19,Tarbes,65,1985
1986-01-01,0,11.252328767123288,95.13,Tarbes,65,1986
1987-01-01,1,11.698904109589042,47.67,Tarbes,65,1987
1988-01-01,0,11.728415300546448,23.87,Tarbes,65,1988
1989-01-01,0,12.556438356164383,1.89,Tarbes,65,1989
1990-01-01,0,12.290684931506853,25.62,Tarbes,65,1990
1991-01-01,0,11.244383561643836,36.54,Tarbes,65,1991
1992-01-01,0,11.393169398907103,19.18,Tarbes,65,1992
1993-01-01,0,11.29205479452055,22.19,Tarbes,65,1993
1994-01-01,0,12.33753424657534,34.09,Tarbes,65,1994
1995-01-01,0,12.072054794520549,15.47,Tarbes,65,1995
1996-01-01,0,11.364207650273224,29.05,Tarbes,65,1996
1997-01-01,0,12.713972602739728,37.59,Tarbes,65,1997
1998-01-01,0,11.68027397260274,11.55,Tarbes,65,1998
1999-01-01,0,11.698904109589042,44.940000000000005,Tarbes,65,1999
2000-01-01,0,11.958743169398906,5.18,Tarbes,65,2000
2001-01-01,0,11.691506849315068,32.69,Tarbes,65,2001
2002-01-01,0,12.02219178082192,12.11,Tarbes,65,2002
2003-01-01,4,12.716438356164383,34.79,Tarbes,65,2003
2004-01-01,0,11.710109289617485,36.33,Tarbes,65,2004
2005-01-01,0,11.39972602739726,66.08,Tarbes,65,2005
2006-01-01,0,12.604109589041096,27.72,Tarbes,65,2006
2007-01-01,0,11.573972602739726,27.3,Tarbes,65,2007
2008-01-01,0,11.428142076502732,22.68,Tarbes,65,2008
2009-01-01,0,12.101369863013698,27.51,Tarbes,65,2009
2010-01-01,1,10.905205479452055,54.25,Tarbes,65,2010
2011-01-01,0,12.534520547945206,10.08,Tarbes,65,2011
2012-01-01,0,11.727868852459016,25.34,Tarbes,65,2012
2013-01-01,1,11.453150684931506,55.93,Tarbes,65,2013
2014-01-01,0,12.495616438356164,4.41,Tarbes,65,2014
2015-01-01,0,12.557808219178083,28.28,Tarbes,65,2015
2016-01-01,0,12.28497267759563,11.83,Tarbes,65,2016
2017-01-01,2,13.011780821917808,10.85,Tarbes,65,2017
2018-01-01,0,13.276712328767124,15.89,Tarbes,65,2018
2019-01-01,2,13.096438356164382,4.41,Tarbes,65,2019
2020-01-01,4,13.702459016393444,6.09,Tarbes,65,2020
2021-01-01,0,12.903561643835618,23.38,Tarbes,65,2021
2022-01-01,10,14.370958904109589,7.98,Tarbes,65,2022
2023-01-01,2,13.744657534246576,25.55,Tarbes,65,2023
2024-01-01,1,13.392896174863388,8.82,Tarbes,65,2024
2025-01-01,7,13.567671232876712,8.959999999999999,Tarbes,65,2025
1950-01-01,0,11.140273972602738,26.18,Nevers,58,1950
1951-01-01,0,10.644931506849316,6.09,Nevers,58,1951
1952-01-01,4,10.897540983606556,46.69,Nevers,58,1952
1953-01-01,0,10.967671232876713,19.95,Nevers,58,1953
1954-01-01,0,10.12027397260274,16.87,Nevers,58,1954
1955-01-01,0,11.007945205479452,28.98,Nevers,58,1955
1956-01-01,0,9.463387978142077,20.37,Nevers,58,1956
1957-01-01,1,11.006575342465752,6.86,Nevers,58,1957
1958-01-01,0,10.827123287671233,18.97,Nevers,58,1958
1959-01-01,1,12.347123287671232,14.42,Nevers,58,1959
1960-01-01,0,11.077049180327869,14.14,Nevers,58,1960
1961-01-01,0,12.1186301369863,0.63,Nevers,58,1961
1962-01-01,0,10.11013698630137,31.36,Nevers,58,1962
1963-01-01,0,9.93013698630137,14.84,Nevers,58,1963
1964-01-01,2,10.878688524590164,24.71,Nevers,58,1964
1965-01-01,0,10.41835616438356,27.58,Nevers,58,1965
1966-01-01,0,11.1772602739726,15.260000000000002,Nevers,58,1966
1967-01-01,0,11.02,11.06,Nevers,58,1967
1968-01-01,0,10.443989071038253,41.09,Nevers,58,1968
1969-01-01,0,10.655342465753424,23.45,Nevers,58,1969
1970-01-01,0,10.546849315068492,52.08,Nevers,58,1970
1971-01-01,0,10.503835616438357,18.27,Nevers,58,1971
1972-01-01,0,10.274590163934429,10.57,Nevers,58,1972
1973-01-01,0,10.383561643835616,13.3,Nevers,58,1973
1974-01-01,1,11.01917808219178,7.84,Nevers,58,1974
1975-01-01,0,10.643835616438356,21.7,Nevers,58,1975
1976-01-01,2,11.46639344262295,9.87,Nevers,58,1976
1977-01-01,0,10.705753424657534,6.3,Nevers,58,1977
1978-01-01,0,10.396438356164383,28.84,Nevers,58,1978
1979-01-01,0,10.402191780821918,31.15,Nevers,58,1979
1980-01-01,0,9.963934426229509,28.35,Nevers,58,1980
1981-01-01,0,10.625479452054796,24.43,Nevers,58,1981
1982-01-01,0,11.62191780821918,5.67,Nevers,58,1982
1983-01-01,1,11.156164383561643,10.08,Nevers,58,1983
1984-01-01,0,10.588524590163937,12.95,Nevers,58,1984
1985-01-01,0,10.095890410958903,34.230000000000004,Nevers,58,1985
1986-01-01,1,10.52,25.41,Nevers,58,1986
1987-01-01,0,10.376986301369865,21.77,Nevers,58,1987
1988-01-01,0,11.507377049180327,8.68,Nevers,58,1988
1989-01-01,0,11.980547945205478,1.26,Nevers,58,1989
1990-01-01,2,12.121095890410958,12.74,Nevers,58,1990
1991-01-01,0,10.936712328767124,21.07,Nevers,58,1991
1992-01-01,1,11.240983606557377,3.01,Nevers,58,1992
1993-01-01,0,11.071780821917809,10.01,Nevers,58,1993
1994-01-01,0,12.353424657534246,3.22,Nevers,58,1994
1995-01-01,2,11.793972602739728,14.49,Nevers,58,1995
1996-01-01,0,10.73551912568306,19.95,Nevers,58,1996
1997-01-01,0,11.957260273972604,7.56,Nevers,58,1997
1998-01-01,3,11.21013698630137,10.71,Nevers,58,1998
1999-01-01,1,11.76958904109589,36.54,Nevers,58,1999
2000-01-01,0,11.983879781420766,0.98,Nevers,58,2000
2001-01-01,0,11.39972602739726,12.18,Nevers,58,2001
2002-01-01,1,12.127397260273971,0.07,Nevers,58,2002
2003-01-01,11,12.543287671232877,18.06,Nevers,58,2003
2004-01-01,0,11.308196721311475,23.17,Nevers,58,2004
2005-01-01,3,11.510136986301369,28.21,Nevers,58,2005
2006-01-01,4,12.090136986301369,27.3,Nevers,58,2006
2007-01-01,0,11.697534246575344,15.12,Nevers,58,2007
2008-01-01,0,11.124590163934426,12.25,Nevers,58,2008
2009-01-01,1,11.66958904109589,18.62,Nevers,58,2009
2010-01-01,1,10.545205479452054,41.370000000000005,Nevers,58,2010
2011-01-01,1,12.636712328767125,3.5,Nevers,58,2011
2012-01-01,2,11.59016393442623,7.77,Nevers,58,2012
2013-01-01,3,11.06958904109589,24.64,Nevers,58,2013
2014-01-01,1,12.584109589041097,1.75,Nevers,58,2014
2015-01-01,3,12.462739726027396,6.44,Nevers,58,2015
2016-01-01,2,11.8,6.79,Nevers,58,2016
2017-01-01,1,11.842465753424657,12.53,Nevers,58,2017
2018-01-01,6,13.003013698630138,26.11,Nevers,58,2018
2019-01-01,7,12.583013698630138,15.82,Nevers,58,2019
2020-01-01,3,13.133879781420765,0.63,Nevers,58,2020
2021-01-01,0,11.442739726027398,10.64,Nevers,58,2021
2022-01-01,3,13.101095890410958,5.67,Nevers,58,2022
2023-01-01,0,12.966027397260277,10.43,Nevers,58,2023
2024-01-01,1,12.310928961748637,8.05,Nevers,58,2024
2025-01-01,6,12.536986301369865,4.34,Nevers,58,2025
1950-01-01,0,10.19095890410959,42.63,Bar-le-Duc,55,1950
1951-01-01,0,10.137534246575342,10.92,Bar-le-Duc,55,1951
1952-01-01,0,9.890983606557375,78.61,Bar-le-Duc,55,1952
1953-01-01,0,10.324931506849314,33.11,Bar-le-Duc,55,1953
1954-01-01,0,9.349315068493151,30.87,Bar-le-Duc,55,1954
1955-01-01,0,9.69095890410959,35.7,Bar-le-Duc,55,1955
1956-01-01,0,8.683879781420766,33.53,Bar-le-Duc,55,1956
1957-01-01,0,10.28164383561644,14.56,Bar-le-Duc,55,1957
1958-01-01,0,10.012602739726027,65.1,Bar-le-Duc,55,1958
1959-01-01,0,11.376712328767123,35.91,Bar-le-Duc,55,1959
1960-01-01,0,10.291530054644808,25.2,Bar-le-Duc,55,1960
1961-01-01,0,11.146849315068494,12.88,Bar-le-Duc,55,1961
1962-01-01,0,9.058904109589042,43.33,Bar-le-Duc,55,1962
1963-01-01,0,8.941369863013698,22.68,Bar-le-Duc,55,1963
1964-01-01,1,10.273770491803278,32.2,Bar-le-Duc,55,1964
1965-01-01,0,9.447945205479453,43.120000000000005,Bar-le-Duc,55,1965
1966-01-01,0,10.322465753424655,21.42,Bar-le-Duc,55,1966
1967-01-01,0,10.192328767123287,36.54,Bar-le-Duc,55,1967
1968-01-01,0,9.584426229508196,70.84,Bar-le-Duc,55,1968
1969-01-01,0,9.641643835616438,74.41,Bar-le-Duc,55,1969
1970-01-01,0,9.572054794520549,86.24000000000001,Bar-le-Duc,55,1970
1971-01-01,0,10.105753424657534,24.99,Bar-le-Duc,55,1971
1972-01-01,0,9.457650273224044,20.72,Bar-le-Duc,55,1972
1973-01-01,0,9.767945205479451,31.64,Bar-le-Duc,55,1973
1974-01-01,0,10.271232876712329,18.34,Bar-le-Duc,55,1974
1975-01-01,0,10.211506849315068,28.35,Bar-le-Duc,55,1975
1976-01-01,0,10.656284153005464,33.88,Bar-le-Duc,55,1976
1977-01-01,0,10.145479452054794,31.15,Bar-le-Duc,55,1977
1978-01-01,0,9.258082191780822,52.78,Bar-le-Duc,55,1978
1979-01-01,0,9.48082191780822,40.32,Bar-le-Duc,55,1979
1980-01-01,0,9.258469945355191,31.36,Bar-le-Duc,55,1980
1981-01-01,0,9.846027397260274,57.05,Bar-le-Duc,55,1981
1982-01-01,0,10.737260273972602,21.63,Bar-le-Duc,55,1982
1983-01-01,1,10.542739726027396,23.17,Bar-le-Duc,55,1983
1984-01-01,0,9.81120218579235,47.04,Bar-le-Duc,55,1984
1985-01-01,0,9.093972602739727,56.77,Bar-le-Duc,55,1985
1986-01-01,0,9.534246575342468,61.88,Bar-le-Duc,55,1986
1987-01-01,0,9.456438356164384,35.49,Bar-le-Duc,55,1987
1988-01-01,0,10.750819672131149,27.16,Bar-le-Duc,55,1988
1989-01-01,0,11.232054794520549,6.65,Bar-le-Duc,55,1989
1990-01-01,0,11.195342465753424,34.93,Bar-le-Duc,55,1990
1991-01-01,0,10.18,24.78,Bar-le-Duc,55,1991
1992-01-01,0,10.797814207650273,3.29,Bar-le-Duc,55,1992
1993-01-01,0,10.431232876712327,24.92,Bar-le-Duc,55,1993
1994-01-01,0,11.510684931506848,21.49,Bar-le-Duc,55,1994
1995-01-01,1,10.816986301369862,31.01,Bar-le-Duc,55,1995
1996-01-01,0,9.362841530054643,38.78,Bar-le-Duc,55,1996
1997-01-01,0,10.607945205479451,23.17,Bar-le-Duc,55,1997
1998-01-01,2,10.363835616438356,15.89,Bar-le-Duc,55,1998
1999-01-01,0,10.977534246575344,57.61,Bar-le-Duc,55,1999
2000-01-01,0,11.13934426229508,8.12,Bar-le-Duc,55,2000
2001-01-01,0,10.55041095890411,37.52,Bar-le-Duc,55,2001
2002-01-01,0,11.267123287671232,4.2,Bar-le-Duc,55,2002
2003-01-01,10,11.492602739726028,23.45,Bar-le-Duc,55,2003
2004-01-01,0,10.42704918032787,44.73,Bar-le-Duc,55,2004
2005-01-01,0,10.752876712328767,48.09,Bar-le-Duc,55,2005
2006-01-01,0,11.265753424657534,27.02,Bar-le-Duc,55,2006
2007-01-01,0,11.08109589041096,12.25,Bar-le-Duc,55,2007
2008-01-01,0,10.45,29.61,Bar-le-Duc,55,2008
2009-01-01,1,10.888493150684932,29.19,Bar-le-Duc,55,2009
2010-01-01,0,9.674520547945203,89.88,Bar-le-Duc,55,2010
2011-01-01,0,11.673698630136986,14.35,Bar-le-Duc,55,2011
2012-01-01,1,10.702185792349727,19.6,Bar-le-Duc,55,2012
2013-01-01,0,10.236438356164385,36.89,Bar-le-Duc,55,2013
2014-01-01,0,11.864109589041094,14.28,Bar-le-Duc,55,2014
2015-01-01,4,11.637534246575342,22.19,Bar-le-Duc,55,2015
2016-01-01,0,10.940983606557378,14.98,Bar-le-Duc,55,2016
2017-01-01,0,10.696712328767124,37.87,Bar-le-Duc,55,2017
2018-01-01,1,11.793150684931506,35.07,Bar-le-Duc,55,2018
2019-01-01,3,11.284931506849317,31.22,Bar-le-Duc,55,2019
2020-01-01,3,11.922131147540984,21.91,Bar-le-Duc,55,2020
2021-01-01,0,10.146301369863014,36.26,Bar-le-Duc,55,2021
2022-01-01,1,11.771780821917808,10.57,Bar-le-Duc,55,2022
2023-01-01,0,11.690136986301368,12.53,Bar-le-Duc,55,2023
2024-01-01,0,11.20327868852459,19.46,Bar-le-Duc,55,2024
2025-01-01,2,11.20054794520548,15.54,Bar-le-Duc,55,2025
1950-01-01,0,11.510136986301369,33.46,Lyon,69,1950
1951-01-01,0,11.103561643835617,17.43,Lyon,69,1951
1952-01-01,3,11.408469945355192,70.98,Lyon,69,1952
1953-01-01,0,11.156712328767124,22.89,Lyon,69,1953
1954-01-01,0,10.465753424657532,32.41,Lyon,69,1954
1955-01-01,0,11.242465753424655,48.44,Lyon,69,1955
1956-01-01,0,9.723224043715849,28.56,Lyon,69,1956
1957-01-01,0,11.202739726027398,21.84,Lyon,69,1957
1958-01-01,0,11.21972602739726,29.96,Lyon,69,1958
1959-01-01,0,12.442465753424658,14.0,Lyon,69,1959
1960-01-01,0,11.410655737704918,18.69,Lyon,69,1960
1961-01-01,0,12.247397260273972,13.16,Lyon,69,1961
1962-01-01,0,10.646849315068494,34.02,Lyon,69,1962
1963-01-01,0,10.013972602739726,35.77,Lyon,69,1963
1964-01-01,1,11.284699453551912,33.46,Lyon,69,1964
1965-01-01,0,10.87808219178082,30.66,Lyon,69,1965
1966-01-01,0,11.44,17.08,Lyon,69,1966
1967-01-01,0,11.28986301369863,30.73,Lyon,69,1967
1968-01-01,1,10.889617486338798,39.48,Lyon,69,1968
1969-01-01,0,10.784657534246575,22.12,Lyon,69,1969
1970-01-01,0,10.863835616438356,64.33,Lyon,69,1970
1971-01-01,0,10.703287671232877,31.08,Lyon,69,1971
1972-01-01,0,10.89016393442623,13.02,Lyon,69,1972
1973-01-01,0,10.68027397260274,35.98,Lyon,69,1973
1974-01-01,0,11.396438356164383,19.67,Lyon,69,1974
1975-01-01,0,10.92054794520548,15.05,Lyon,69,1975
1976-01-01,0,11.577049180327869,35.7,Lyon,69,1976
1977-01-01,0,11.129041095890411,11.9,Lyon,69,1977
1978-01-01,0,10.550958904109589,39.34,Lyon,69,1978
1979-01-01,0,10.963287671232877,37.59,Lyon,69,1979
1980-01-01,0,10.36775956284153,37.1,Lyon,69,1980
1981-01-01,0,11.057534246575342,41.23,Lyon,69,1981
1982-01-01,0,11.867945205479453,31.15,Lyon,69,1982
1983-01-01,5,11.584109589041097,20.65,Lyon,69,1983
1984-01-01,0,10.841256830601091,17.36,Lyon,69,1984
1985-01-01,0,10.667671232876712,26.39,Lyon,69,1985
1986-01-01,0,11.150958904109588,48.79,Lyon,69,1986
1987-01-01,0,10.93041095890411,24.78,Lyon,69,1987
1988-01-01,0,11.972131147540985,17.78,Lyon,69,1988
1989-01-01,1,12.404383561643836,17.01,Lyon,69,1989
1990-01-01,0,12.16054794520548,53.69,Lyon,69,1990
1991-01-01,0,11.563287671232878,14.21,Lyon,69,1991
1992-01-01,0,11.66584699453552,5.46,Lyon,69,1992
1993-01-01,0,11.413972602739728,14.77,Lyon,69,1993
1994-01-01,0,12.77041095890411,35.28,Lyon,69,1994
1995-01-01,1,11.949315068493153,24.08,Lyon,69,1995
1996-01-01,0,11.095081967213115,39.34,Lyon,69,1996
1997-01-01,0,12.352876712328769,22.47,Lyon,69,1997
1998-01-01,2,11.587671232876712,13.51,Lyon,69,1998
1999-01-01,0,12.048219178082192,54.67,Lyon,69,1999
2000-01-01,0,12.424863387978142,5.39,Lyon,69,2000
2001-01-01,0,11.963287671232878,23.94,Lyon,69,2001
2002-01-01,0,12.407945205479452,0.42,Lyon,69,2002
2003-01-01,18,13.30082191780822,16.24,Lyon,69,2003
2004-01-01,0,11.891256830601092,32.9,Lyon,69,2004
2005-01-01,2,11.874246575342466,44.38,Lyon,69,2005
2006-01-01,3,12.558356164383564,27.44,Lyon,69,2006
2007-01-01,0,12.09917808219178,13.58,Lyon,69,2007
2008-01-01,0,11.645628415300546,25.62,Lyon,69,2008
2009-01-01,2,12.58958904109589,16.38,Lyon,69,2009
2010-01-01,0,11.409041095890412,67.06,Lyon,69,2010
2011-01-01,1,13.096438356164382,5.88,Lyon,69,2011
2012-01-01,1,12.148907103825136,17.36,Lyon,69,2012
2013-01-01,1,11.55945205479452,40.88,Lyon,69,2013
2014-01-01,0,13.16904109589041,3.22,Lyon,69,2014
2015-01-01,12,13.08904109589041,20.02,Lyon,69,2015
2016-01-01,0,12.301912568306012,15.05,Lyon,69,2016
2017-01-01,9,12.74027397260274,22.19,Lyon,69,2017
2018-01-01,7,13.462191780821918,12.32,Lyon,69,2018
2019-01-01,9,12.964383561643835,22.54,Lyon,69,2019
2020-01-01,6,13.567486338797814,2.38,Lyon,69,2020
2021-01-01,0,12.011780821917808,25.9,Lyon,69,2021
2022-01-01,4,13.86054794520548,17.15,Lyon,69,2022
2023-01-01,9,13.665205479452055,4.48,Lyon,69,2023
2024-01-01,2,12.768032786885248,6.93,Lyon,69,2024
2025-01-01,14,13.364931506849317,3.3600000000000003,Lyon,69,2025
1950-01-01,0,11.266301369863012,5.879999999999999,Le Mans,72,1950
1951-01-01,0,10.849315068493151,0.35,Le Mans,72,1951
1952-01-01,1,11.036612021857923,23.38,Le Mans,72,1952
1953-01-01,0,11.1213698630137,10.85,Le Mans,72,1953
1954-01-01,0,10.658904109589042,3.08,Le Mans,72,1954
1955-01-01,0,10.967123287671232,13.72,Le Mans,72,1955
1956-01-01,0,10.07158469945355,19.39,Le Mans,72,1956
1957-01-01,0,11.506575342465752,0.14,Le Mans,72,1957
1958-01-01,0,11.077534246575343,7.84,Le Mans,72,1958
1959-01-01,0,12.414246575342466,4.62,Le Mans,72,1959
1960-01-01,0,11.272131147540984,12.39,Le Mans,72,1960
1961-01-01,0,12.048767123287671,2.1,Le Mans,72,1961
1962-01-01,0,10.33753424657534,15.12,Le Mans,72,1962
1963-01-01,0,9.82931506849315,10.92,Le Mans,72,1963
1964-01-01,0,10.89016393442623,30.45,Le Mans,72,1964
1965-01-01,0,10.573698630136986,8.05,Le Mans,72,1965
1966-01-01,0,11.216986301369865,3.71,Le Mans,72,1966
1967-01-01,0,10.96958904109589,8.05,Le Mans,72,1967
1968-01-01,0,10.768852459016394,14.7,Le Mans,72,1968
1969-01-01,0,11.055890410958904,11.34,Le Mans,72,1969
1970-01-01,0,10.946575342465753,18.13,Le Mans,72,1970
1971-01-01,0,10.860821917808218,13.79,Le Mans,72,1971
1972-01-01,0,10.520765027322405,2.1,Le Mans,72,1972
1973-01-01,0,10.803561643835616,3.71,Le Mans,72,1973
1974-01-01,0,11.083287671232878,3.92,Le Mans,72,1974
1975-01-01,0,10.92931506849315,4.27,Le Mans,72,1975
1976-01-01,0,11.704918032786884,7.28,Le Mans,72,1976
1977-01-01,0,10.932328767123288,1.68,Le Mans,72,1977
1978-01-01,0,10.581369863013698,19.39,Le Mans,72,1978
1979-01-01,0,10.484383561643837,21.91,Le Mans,72,1979
1980-01-01,0,10.281147540983609,11.76,Le Mans,72,1980
1981-01-01,0,11.08931506849315,15.750000000000002,Le Mans,72,1981
1982-01-01,0,11.762191780821915,3.92,Le Mans,72,1982
1983-01-01,0,11.487397260273973,4.550000000000001,Le Mans,72,1983
1984-01-01,0,11.040983606557376,4.83,Le Mans,72,1984
1985-01-01,0,10.196164383561644,27.3,Le Mans,72,1985
1986-01-01,0,10.487397260273973,23.94,Le Mans,72,1986
1987-01-01,0,10.517534246575345,12.74,Le Mans,72,1987
1988-01-01,0,11.75245901639344,0.91,Le Mans,72,1988
1989-01-01,0,12.39972602739726,5.6000000000000005,Le Mans,72,1989
1990-01-01,2,12.4586301369863,0.0,Le Mans,72,1990
1991-01-01,0,11.035342465753423,8.19,Le Mans,72,1991
1992-01-01,0,11.505464480874316,0.14,Le Mans,72,1992
1993-01-01,0,11.156986301369864,5.319999999999999,Le Mans,72,1993
1994-01-01,0,12.366027397260275,0.91,Le Mans,72,1994
1995-01-01,0,12.147397260273973,1.89,Le Mans,72,1995
1996-01-01,0,10.912841530054644,22.68,Le Mans,72,1996
1997-01-01,0,12.092602739726027,8.75,Le Mans,72,1997
1998-01-01,0,11.483013698630138,0.77,Le Mans,72,1998
1999-01-01,0,12.161643835616438,7.21,Le Mans,72,1999
2000-01-01,0,11.795901639344264,0.21,Le Mans,72,2000
2001-01-01,0,11.678356164383562,2.94,Le Mans,72,2001
2002-01-01,0,12.143013698630137,0.49,Le Mans,72,2002
2003-01-01,8,12.4586301369863,8.33,Le Mans,72,2003
2004-01-01,0,11.806284153005466,11.48,Le Mans,72,2004
2005-01-01,0,12.042465753424658,13.86,Le Mans,72,2005
2006-01-01,0,12.2786301369863,9.52,Le Mans,72,2006
2007-01-01,0,11.941095890410958,2.45,Le Mans,72,2007
2008-01-01,0,11.392622950819671,4.2700000000000005,Le Mans,72,2008
2009-01-01,0,11.816438356164385,9.66,Le Mans,72,2009
2010-01-01,0,10.792328767123289,32.13,Le Mans,72,2010
2011-01-01,0,12.797808219178082,0.0,Le Mans,72,2011
2012-01-01,0,11.554918032786889,10.57,Le Mans,72,2012
2013-01-01,0,11.457808219178084,18.55,Le Mans,72,2013
2014-01-01,0,12.455342465753423,0.0,Le Mans,72,2014
2015-01-01,0,12.504383561643836,1.82,Le Mans,72,2015
2016-01-01,0,12.010382513661202,3.3600000000000003,Le Mans,72,2016
2017-01-01,0,12.332602739726026,0.49,Le Mans,72,2017
2018-01-01,0,12.862191780821917,17.01,Le Mans,72,2018
2019-01-01,5,12.566849315068492,2.03,Le Mans,72,2019
2020-01-01,0,13.156830601092896,0.0,Le Mans,72,2020
2021-01-01,0,11.624931506849316,10.57,Le Mans,72,2021
2022-01-01,1,13.326575342465754,0.77,Le Mans,72,2022
2023-01-01,0,13.16109589041096,2.73,Le Mans,72,2023
2024-01-01,0,12.383060109289618,12.67,Le Mans,72,2024
2025-01-01,1,12.919452054794522,5.81,Le Mans,72,2025
1950-01-01 00:00:00,0,9.483287671232876,55.37,Charleville-Mézières,8,1950
1951-01-01 00:00:00,0,9.664931506849314,24.36,Charleville-Mézières,8,1951
1952-01-01 00:00:00,0,9.364207650273224,98.56,Charleville-Mézières,8,1952
1953-01-01 00:00:00,0,9.86958904109589,41.09,Charleville-Mézières,8,1953
1954-01-01 00:00:00,0,8.912054794520548,32.06,Charleville-Mézières,8,1954
1955-01-01 00:00:00,0,9.03890410958904,48.44,Charleville-Mézières,8,1955
1956-01-01 00:00:00,0,8.244262295081967,43.82,Charleville-Mézières,8,1956
1957-01-01 00:00:00,0,9.898630136986302,22.96,Charleville-Mézières,8,1957
1958-01-01 00:00:00,0,9.432328767123288,46.06,Charleville-Mézières,8,1958
1959-01-01 00:00:00,0,10.848767123287672,22.54,Charleville-Mézières,8,1959
1960-01-01 00:00:00,0,9.856830601092897,24.71,Charleville-Mézières,8,1960
1961-01-01 00:00:00,0,10.55972602739726,15.05,Charleville-Mézières,8,1961
1962-01-01 00:00:00,0,8.445205479452055,38.57,Charleville-Mézières,8,1962
1963-01-01 00:00:00,0,8.273972602739725,26.11,Charleville-Mézières,8,1963
1964-01-01 00:00:00,0,9.75655737704918,28.91,Charleville-Mézières,8,1964
1965-01-01 00:00:00,0,9.006575342465753,45.29,Charleville-Mézières,8,1965
1966-01-01 00:00:00,0,9.791780821917808,23.24,Charleville-Mézières,8,1966
1967-01-01 00:00:00,0,9.70164383561644,27.37,Charleville-Mézières,8,1967
1968-01-01 00:00:00,0,9.1327868852459,70.21,Charleville-Mézières,8,1968
1969-01-01 00:00:00,0,9.325753424657536,63.21,Charleville-Mézières,8,1969
1970-01-01 00:00:00,0,9.172328767123288,92.4,Charleville-Mézières,8,1970
1971-01-01 00:00:00,0,9.612328767123287,33.53,Charleville-Mézières,8,1971
1972-01-01 00:00:00,0,9.081420765027325,33.95,Charleville-Mézières,8,1972
1973-01-01 00:00:00,0,9.394520547945206,29.75,Charleville-Mézières,8,1973
1974-01-01 00:00:00,0,9.768219178082193,19.53,Charleville-Mézières,8,1974
1975-01-01 00:00:00,0,9.752602739726028,48.16,Charleville-Mézières,8,1975
1976-01-01 00:00:00,0,10.177868852459016,31.22,Charleville-Mézières,8,1976
1977-01-01 00:00:00,0,9.574794520547943,36.33,Charleville-Mézières,8,1977
1978-01-01 00:00:00,0,8.827397260273973,56.21,Charleville-Mézières,8,1978
1979-01-01 00:00:00,0,8.771780821917808,56.84,Charleville-Mézières,8,1979
1980-01-01 00:00:00,0,8.871311475409836,28.42,Charleville-Mézières,8,1980
1981-01-01 00:00:00,0,9.365753424657534,72.17,Charleville-Mézières,8,1981
1982-01-01 00:00:00,0,10.087671232876712,18.34,Charleville-Mézières,8,1982
1983-01-01 00:00:00,0,10.07068493150685,36.05,Charleville-Mézières,8,1983
1984-01-01 00:00:00,0,9.44726775956284,65.73,Charleville-Mézières,8,1984
1985-01-01 00:00:00,0,8.56986301369863,61.88,Charleville-Mézières,8,1985
1986-01-01 00:00:00,0,9.08958904109589,49.7,Charleville-Mézières,8,1986
1987-01-01 00:00:00,0,8.911232876712328,48.44,Charleville-Mézières,8,1987
1988-01-01 00:00:00,0,10.310109289617486,52.57,Charleville-Mézières,8,1988
1989-01-01 00:00:00,0,10.75068493150685,12.67,Charleville-Mézières,8,1989
1990-01-01 00:00:00,0,10.764109589041096,32.76,Charleville-Mézières,8,1990
1991-01-01 00:00:00,0,9.705753424657534,25.27,Charleville-Mézières,8,1991
1992-01-01 00:00:00,0,10.242349726775956,10.36,Charleville-Mézières,8,1992
1993-01-01 00:00:00,0,9.865479452054794,27.23,Charleville-Mézières,8,1993
1994-01-01 00:00:00,0,10.95945205479452,15.96,Charleville-Mézières,8,1994
1995-01-01 00:00:00,0,10.615890410958905,36.54,Charleville-Mézières,8,1995
1996-01-01 00:00:00,0,8.815027322404372,50.26,Charleville-Mézières,8,1996
1997-01-01 00:00:00,0,10.19095890410959,10.64,Charleville-Mézières,8,1997
1998-01-01 00:00:00,0,9.894520547945206,14.77,Charleville-Mézières,8,1998
1999-01-01 00:00:00,0,10.550958904109589,53.2,Charleville-Mézières,8,1999
2000-01-01 00:00:00,0,10.585792349726775,10.5,Charleville-Mézières,8,2000
2001-01-01 00:00:00,0,10.20931506849315,44.73,Charleville-Mézières,8,2001
2002-01-01 00:00:00,0,10.818904109589042,3.01,Charleville-Mézières,8,2002
2003-01-01 00:00:00,0,10.828219178082191,27.23,Charleville-Mézières,8,2003
2004-01-01 00:00:00,0,10.031693989071035,43.82,Charleville-Mézières,8,2004
2005-01-01 00:00:00,0,10.463561643835616,52.85,Charleville-Mézières,8,2005
2006-01-01 00:00:00,0,10.790958904109589,33.74,Charleville-Mézières,8,2006
2007-01-01 00:00:00,0,10.844657534246576,9.94,Charleville-Mézières,8,2007
2008-01-01 00:00:00,0,10.15792349726776,34.23,Charleville-Mézières,8,2008
2009-01-01 00:00:00,0,10.372602739726029,37.66,Charleville-Mézières,8,2009
2010-01-01 00:00:00,0,9.207397260273972,93.1,Charleville-Mézières,8,2010
2011-01-01 00:00:00,0,11.20986301369863,18.83,Charleville-Mézières,8,2011
2012-01-01 00:00:00,0,10.220218579234972,26.04,Charleville-Mézières,8,2012
2013-01-01 00:00:00,0,9.828493150684931,51.73,Charleville-Mézières,8,2013
2014-01-01 00:00:00,0,11.40931506849315,20.72,Charleville-Mézières,8,2014
2015-01-01 00:00:00,0,10.964931506849316,23.52,Charleville-Mézières,8,2015
2016-01-01 00:00:00,0,10.603005464480876,25.2,Charleville-Mézières,8,2016
2017-01-01 00:00:00,0,10.1413698630137,36.82,Charleville-Mézières,8,2017
2018-01-01 00:00:00,0,11.091780821917808,38.85,Charleville-Mézières,8,2018
2019-01-01 00:00:00,0,10.563013698630137,27.51,Charleville-Mézières,8,2019
2020-01-01 00:00:00,0,11.313387978142076,18.13,Charleville-Mézières,8,2020
2021-01-01 00:00:00,0,9.58164383561644,48.3,Charleville-Mézières,8,2021
2022-01-01 00:00:00,0,11.147397260273973,15.75,Charleville-Mézières,8,2022
2023-01-01 00:00:00,0,11.058630136986302,19.95,Charleville-Mézières,8,2023
2024-01-01 00:00:00,0,10.655464480874317,15.68,Charleville-Mézières,8,2024
2025-01-01 00:00:00,0,10.818904109589042,19.53,Charleville-Mézières,8,2025
1950-01-01 00:00:00,0,15.222465753424656,28.14,Nice,6,1950
1951-01-01 00:00:00,0,14.555068493150683,24.5,Nice,6,1951
1952-01-01 00:00:00,0,14.90327868852459,15.05,Nice,6,1952
1953-01-01 00:00:00,0,14.772602739726029,13.93,Nice,6,1953
1954-01-01 00:00:00,0,14.256986301369864,31.57,Nice,6,1954
1955-01-01 00:00:00,0,14.846027397260274,36.96,Nice,6,1955
1956-01-01 00:00:00,0,13.655464480874317,73.78,Nice,6,1956
1957-01-01 00:00:00,0,14.694520547945206,27.65,Nice,6,1957
1958-01-01 00:00:00,0,14.686301369863012,35.35,Nice,6,1958
1959-01-01 00:00:00,0,14.992054794520548,38.15,Nice,6,1959
1960-01-01 00:00:00,0,14.33688524590164,49.14,Nice,6,1960
1961-01-01 00:00:00,0,15.507397260273972,16.45,Nice,6,1961
1962-01-01 00:00:00,0,14.503287671232876,30.87,Nice,6,1962
1963-01-01 00:00:00,0,14.188493150684932,68.04,Nice,6,1963
1964-01-01 00:00:00,0,15.196448087431692,20.09,Nice,6,1964
1965-01-01 00:00:00,0,14.444657534246575,18.83,Nice,6,1965
1966-01-01 00:00:00,0,14.77780821917808,30.45,Nice,6,1966
1967-01-01 00:00:00,0,15.104109589041096,33.46,Nice,6,1967
1968-01-01 00:00:00,0,14.603551912568305,18.06,Nice,6,1968
1969-01-01 00:00:00,0,14.398082191780825,41.44,Nice,6,1969
1970-01-01 00:00:00,0,14.774520547945205,47.32,Nice,6,1970
1971-01-01 00:00:00,0,14.5586301369863,42.42,Nice,6,1971
1972-01-01 00:00:00,0,14.294808743169398,62.72,Nice,6,1972
1973-01-01 00:00:00,0,14.607671232876712,29.54,Nice,6,1973
1974-01-01 00:00:00,0,14.491780821917809,33.67,Nice,6,1974
1975-01-01 00:00:00,0,14.632876712328768,50.47,Nice,6,1975
1976-01-01 00:00:00,0,14.225956284153003,33.53,Nice,6,1976
1977-01-01 00:00:00,0,14.438356164383562,25.83,Nice,6,1977
1978-01-01 00:00:00,0,14.396712328767125,54.53,Nice,6,1978
1979-01-01 00:00:00,0,14.5186301369863,43.12,Nice,6,1979
1980-01-01 00:00:00,0,14.002185792349728,28.21,Nice,6,1980
1981-01-01 00:00:00,0,14.465753424657532,36.75,Nice,6,1981
1982-01-01 00:00:00,0,15.09835616438356,19.18,Nice,6,1982
1983-01-01 00:00:00,0,15.026849315068494,32.480000000000004,Nice,6,1983
1984-01-01 00:00:00,0,13.961475409836064,20.72,Nice,6,1984
1985-01-01 00:00:00,0,14.846027397260274,54.11,Nice,6,1985
1986-01-01 00:00:00,0,15.00876712328767,67.34,Nice,6,1986
1987-01-01 00:00:00,0,14.863835616438356,51.8,Nice,6,1987
1988-01-01 00:00:00,0,15.400273224043715,13.44,Nice,6,1988
1989-01-01 00:00:00,0,15.463835616438356,3.5,Nice,6,1989
1990-01-01 00:00:00,0,15.49780821917808,16.03,Nice,6,1990
1991-01-01 00:00:00,0,14.722739726027395,36.05,Nice,6,1991
1992-01-01 00:00:00,0,15.214207650273224,6.720000000000001,Nice,6,1992
1993-01-01 00:00:00,0,14.830136986301367,24.92,Nice,6,1993
1994-01-01 00:00:00,0,15.851780821917806,13.09,Nice,6,1994
1995-01-01 00:00:00,0,14.996164383561643,12.53,Nice,6,1995
1996-01-01 00:00:00,0,14.710109289617485,45.15,Nice,6,1996
1997-01-01 00:00:00,0,15.706849315068494,13.72,Nice,6,1997
1998-01-01 00:00:00,0,15.198082191780822,11.62,Nice,6,1998
1999-01-01 00:00:00,0,15.131232876712328,20.58,Nice,6,1999
2000-01-01 00:00:00,0,15.693169398907104,10.01,Nice,6,2000
2001-01-01 00:00:00,0,15.795342465753423,23.52,Nice,6,2001
2002-01-01 00:00:00,0,15.497260273972604,17.29,Nice,6,2002
2003-01-01 00:00:00,0,16.01041095890411,20.86,Nice,6,2003
2004-01-01 00:00:00,0,15.42431693989071,20.44,Nice,6,2004
2005-01-01 00:00:00,0,15.043287671232877,36.33,Nice,6,2005
2006-01-01 00:00:00,0,15.901917808219178,15.82,Nice,6,2006
2007-01-01 00:00:00,0,15.776712328767124,5.74,Nice,6,2007
2008-01-01 00:00:00,0,15.326502732240437,54.11,Nice,6,2008
2009-01-01 00:00:00,0,15.755342465753424,33.32,Nice,6,2009
2010-01-01 00:00:00,0,14.7213698630137,52.78,Nice,6,2010
2011-01-01 00:00:00,0,15.908219178082192,17.01,Nice,6,2011
2012-01-01 00:00:00,0,15.690983606557376,36.26,Nice,6,2012
2013-01-01 00:00:00,0,15.255068493150686,55.65,Nice,6,2013
2014-01-01 00:00:00,0,16.179726027397262,25.06,Nice,6,2014
2015-01-01 00:00:00,0,16.465479452054794,22.12,Nice,6,2015
2016-01-01 00:00:00,0,16.145081967213116,18.83,Nice,6,2016
2017-01-01 00:00:00,0,15.940821917808218,0.14,Nice,6,2017
2018-01-01 00:00:00,0,16.51041095890411,16.45,Nice,6,2018
2019-01-01 00:00:00,0,16.09972602739726,0.35,Nice,6,2019
2020-01-01 00:00:00,0,16.06311475409836,0.0,Nice,6,2020
2021-01-01 00:00:00,0,15.90082191780822,0.21,Nice,6,2021
2022-01-01 00:00:00,0,17.145753424657535,0.35,Nice,6,2022
2023-01-01 00:00:00,0,16.69013698630137,1.26,Nice,6,2023
2024-01-01 00:00:00,0,16.136612021857925,0.07,Nice,6,2024
2025-01-01 00:00:00,0,16.61808219178082,1.82,Nice,6,2025
1950-01-01 00:00:00,0,12.910136986301367,8.54,Périgueux,24,1950
1951-01-01 00:00:00,0,12.081369863013698,1.4,Périgueux,24,1951
1952-01-01 00:00:00,1,12.726229508196722,14.0,Périgueux,24,1952
1953-01-01 00:00:00,0,12.603561643835617,9.59,Périgueux,24,1953
1954-01-01 00:00:00,0,11.810684931506849,4.62,Périgueux,24,1954
1955-01-01 00:00:00,0,13.091780821917808,16.8,Périgueux,24,1955
1956-01-01 00:00:00,0,11.24672131147541,5.88,Périgueux,24,1956
1957-01-01 00:00:00,0,12.489315068493152,0.42,Périgueux,24,1957
1958-01-01 00:00:00,0,12.583287671232876,12.46,Périgueux,24,1958
1959-01-01 00:00:00,0,13.72,2.31,Périgueux,24,1959
1960-01-01 00:00:00,0,12.531967213114754,15.68,Périgueux,24,1960
1961-01-01 00:00:00,0,13.78164383561644,0.56,Périgueux,24,1961
1962-01-01 00:00:00,0,12.213424657534246,5.74,Périgueux,24,1962
1963-01-01 00:00:00,0,11.612602739726029,2.73,Périgueux,24,1963
1964-01-01 00:00:00,0,12.508469945355191,11.76,Périgueux,24,1964
1965-01-01 00:00:00,0,12.203561643835616,8.469999999999999,Périgueux,24,1965
1966-01-01 00:00:00,0,12.808219178082192,1.0499999999999998,Périgueux,24,1966
1967-01-01 00:00:00,0,12.484383561643837,19.6,Périgueux,24,1967
1968-01-01 00:00:00,0,12.364207650273224,10.92,Périgueux,24,1968
1969-01-01 00:00:00,0,12.14109589041096,14.35,Périgueux,24,1969
1970-01-01 00:00:00,0,12.338356164383562,7.0,Périgueux,24,1970
1971-01-01 00:00:00,0,12.19205479452055,10.85,Périgueux,24,1971
1972-01-01 00:00:00,0,12.012841530054644,0.98,Périgueux,24,1972
1973-01-01 00:00:00,0,11.972054794520549,7.49,Périgueux,24,1973
1974-01-01 00:00:00,0,12.34027397260274,2.31,Périgueux,24,1974
1975-01-01 00:00:00,1,12.347397260273974,10.15,Périgueux,24,1975
1976-01-01 00:00:00,0,12.741803278688524,3.3600000000000003,Périgueux,24,1976
1977-01-01 00:00:00,0,12.263561643835615,1.05,Périgueux,24,1977
1978-01-01 00:00:00,0,12.174520547945203,19.880000000000003,Périgueux,24,1978
1979-01-01 00:00:00,0,12.08164383561644,7.979999999999999,Périgueux,24,1979
1980-01-01 00:00:00,0,11.662568306010929,4.83,Périgueux,24,1980
1981-01-01 00:00:00,0,12.416164383561645,11.9,Périgueux,24,1981
1982-01-01 00:00:00,1,13.304383561643837,0.63,Périgueux,24,1982
1983-01-01 00:00:00,1,12.856712328767124,3.64,Périgueux,24,1983
1984-01-01 00:00:00,0,12.291256830601094,0.49,Périgueux,24,1984
1985-01-01 00:00:00,1,12.256712328767122,7.28,Périgueux,24,1985
1986-01-01 00:00:00,0,12.446575342465753,25.9,Périgueux,24,1986
1987-01-01 00:00:00,1,12.43095890410959,18.13,Périgueux,24,1987
1988-01-01 00:00:00,0,13.095901639344262,2.24,Périgueux,24,1988
1989-01-01 00:00:00,2,14.063561643835616,0.49,Périgueux,24,1989
1990-01-01 00:00:00,3,13.784931506849317,0.28,Périgueux,24,1990
1991-01-01 00:00:00,2,12.641643835616438,21.07,Périgueux,24,1991
1992-01-01 00:00:00,0,12.667486338797817,0.28,Périgueux,24,1992
1993-01-01 00:00:00,0,12.643013698630137,3.29,Périgueux,24,1993
1994-01-01 00:00:00,0,13.77890410958904,0.21,Périgueux,24,1994
1995-01-01 00:00:00,1,13.541643835616435,1.12,Périgueux,24,1995
1996-01-01 00:00:00,0,12.815300546448086,7.91,Périgueux,24,1996
1997-01-01 00:00:00,0,13.89917808219178,6.859999999999999,Périgueux,24,1997
1998-01-01 00:00:00,3,12.902465753424655,0.14,Périgueux,24,1998
1999-01-01 00:00:00,0,13.21945205479452,4.2700000000000005,Périgueux,24,1999
2000-01-01 00:00:00,0,13.306830601092896,2.73,Périgueux,24,2000
2001-01-01 00:00:00,0,12.99780821917808,5.04,Périgueux,24,2001
2002-01-01 00:00:00,0,13.43890410958904,0.0,Périgueux,24,2002
2003-01-01 00:00:00,12,14.092328767123288,10.71,Périgueux,24,2003
2004-01-01 00:00:00,0,12.950819672131148,8.89,Périgueux,24,2004
2005-01-01 00:00:00,0,13.193424657534248,7.0,Périgueux,24,2005
2006-01-01 00:00:00,0,13.648493150684931,7.91,Périgueux,24,2006
2007-01-01 00:00:00,0,13.140821917808218,10.08,Périgueux,24,2007
2008-01-01 00:00:00,0,12.66311475409836,1.4700000000000002,Périgueux,24,2008
2009-01-01 00:00:00,1,13.407945205479452,4.97,Périgueux,24,2009
2010-01-01 00:00:00,0,12.244109589041097,18.83,Périgueux,24,2010
2011-01-01 00:00:00,1,14.377808219178082,0.0,Périgueux,24,2011
2012-01-01 00:00:00,1,13.12568306010929,8.61,Périgueux,24,2012
2013-01-01 00:00:00,0,12.776986301369863,19.53,Périgueux,24,2013
2014-01-01 00:00:00,0,13.924109589041096,0.07,Périgueux,24,2014
2015-01-01 00:00:00,3,13.954794520547946,0.77,Périgueux,24,2015
2016-01-01 00:00:00,1,13.64535519125683,1.05,Périgueux,24,2016
2017-01-01 00:00:00,0,12.91890410958904,1.96,Périgueux,24,2017
2018-01-01 00:00:00,0,13.664109589041097,5.180000000000001,Périgueux,24,2018
2019-01-01 00:00:00,5,13.391506849315068,1.12,Périgueux,24,2019
2020-01-01 00:00:00,0,13.981693989071038,0.77,Périgueux,24,2020
2021-01-01 00:00:00,0,12.516438356164384,0.91,Périgueux,24,2021
2022-01-01 00:00:00,4,14.444383561643836,3.92,Périgueux,24,2022
2023-01-01 00:00:00,2,13.972602739726028,13.37,Périgueux,24,2023
2024-01-01 00:00:00,1,13.198360655737703,1.75,Périgueux,24,2024
2025-01-01 00:00:00,7,13.89917808219178,5.74,Périgueux,24,2025
1950-01-01 00:00:00,0,9.517808219178082,57.47,Epinal,88,1950
1951-01-01 00:00:00,0,9.43013698630137,28.56,Epinal,88,1951
1952-01-01 00:00:00,1,9.12622950819672,155.89,Epinal,88,1952
1953-01-01 00:00:00,0,9.421643835616438,70.63,Epinal,88,1953
1954-01-01 00:00:00,0,8.455890410958904,65.66,Epinal,88,1954
1955-01-01 00:00:00,0,8.95068493150685,51.38,Epinal,88,1955
1956-01-01 00:00:00,0,7.784972677595629,55.370000000000005,Epinal,88,1956
1957-01-01 00:00:00,0,9.406301369863014,32.9,Epinal,88,1957
1958-01-01 00:00:00,0,9.238630136986302,104.16,Epinal,88,1958
1959-01-01 00:00:00,0,10.6413698630137,62.79,Epinal,88,1959
1960-01-01 00:00:00,0,9.471311475409836,43.75,Epinal,88,1960
1961-01-01 00:00:00,0,10.355068493150684,33.39,Epinal,88,1961
1962-01-01 00:00:00,0,8.237260273972602,99.75,Epinal,88,1962
1963-01-01 00:00:00,0,7.953150684931507,35.910000000000004,Epinal,88,1963
1964-01-01 00:00:00,1,9.5551912568306,58.17,Epinal,88,1964
1965-01-01 00:00:00,0,8.55945205479452,104.65,Epinal,88,1965
1966-01-01 00:00:00,0,9.451506849315068,69.09,Epinal,88,1966
1967-01-01 00:00:00,0,9.327945205479452,59.36,Epinal,88,1967
1968-01-01 00:00:00,0,8.771311475409837,138.32,Epinal,88,1968
1969-01-01 00:00:00,0,8.623013698630137,120.61,Epinal,88,1969
1970-01-01 00:00:00,0,8.705205479452054,109.13,Epinal,88,1970
1971-01-01 00:00:00,0,9.23917808219178,45.36,Epinal,88,1971
1972-01-01 00:00:00,0,8.712841530054645,28.49,Epinal,88,1972
1973-01-01 00:00:00,0,8.78986301369863,95.9,Epinal,88,1973
1974-01-01 00:00:00,0,9.592602739726027,50.26,Epinal,88,1974
1975-01-01 00:00:00,0,9.36958904109589,52.22,Epinal,88,1975
1976-01-01 00:00:00,0,9.753825136612022,71.12,Epinal,88,1976
1977-01-01 00:00:00,0,9.37205479452055,65.94,Epinal,88,1977
1978-01-01 00:00:00,0,8.473424657534247,84.63,Epinal,88,1978
1979-01-01 00:00:00,0,8.910136986301369,78.96,Epinal,88,1979
1980-01-01 00:00:00,0,8.437704918032786,67.27,Epinal,88,1980
1981-01-01 00:00:00,0,9.0213698630137,141.54,Epinal,88,1981
1982-01-01 00:00:00,0,9.865753424657534,52.71,Epinal,88,1982
1983-01-01 00:00:00,2,9.83972602739726,60.27,Epinal,88,1983
1984-01-01 00:00:00,0,8.927322404371585,86.10000000000001,Epinal,88,1984
1985-01-01 00:00:00,0,8.551232876712328,86.8,Epinal,88,1985
1986-01-01 00:00:00,0,8.707123287671232,115.08,Epinal,88,1986
1987-01-01 00:00:00,0,8.79068493150685,55.65,Epinal,88,1987
1988-01-01 00:00:00,0,10.03497267759563,70.77,Epinal,88,1988
1989-01-01 00:00:00,0,10.534520547945204,15.47,Epinal,88,1989
1990-01-01 00:00:00,0,10.39890410958904,62.3,Epinal,88,1990
1991-01-01 00:00:00,0,9.544931506849316,48.44,Epinal,88,1991
1992-01-01 00:00:00,0,10.167486338797817,24.64,Epinal,88,1992
1993-01-01 00:00:00,0,9.5413698630137,60.06,Epinal,88,1993
1994-01-01 00:00:00,0,10.84849315068493,28.35,Epinal,88,1994
1995-01-01 00:00:00,0,9.96931506849315,63.98,Epinal,88,1995
1996-01-01 00:00:00,0,8.750273224043715,61.6,Epinal,88,1996
1997-01-01 00:00:00,0,10.007945205479452,20.3,Epinal,88,1997
1998-01-01 00:00:00,1,9.591506849315069,36.96,Epinal,88,1998
1999-01-01 00:00:00,0,10.056164383561644,110.11,Epinal,88,1999
2000-01-01 00:00:00,0,10.53415300546448,34.160000000000004,Epinal,88,2000
2001-01-01 00:00:00,0,9.946301369863011,70.07000000000001,Epinal,88,2001
2002-01-01 00:00:00,0,10.523287671232875,15.61,Epinal,88,2002
2003-01-01 00:00:00,8,10.95041095890411,50.05,Epinal,88,2003
2004-01-01 00:00:00,0,9.747267759562842,72.52,Epinal,88,2004
2005-01-01 00:00:00,0,9.882465753424658,86.59,Epinal,88,2005
2006-01-01 00:00:00,0,10.524931506849317,61.04,Epinal,88,2006
2007-01-01 00:00:00,0,10.31780821917808,53.13,Epinal,88,2007
2008-01-01 00:00:00,0,9.78415300546448,70.35,Epinal,88,2008
2009-01-01 00:00:00,0,10.261643835616438,62.79,Epinal,88,2009
2010-01-01 00:00:00,0,8.944109589041096,134.26,Epinal,88,2010
2011-01-01 00:00:00,0,10.983287671232876,36.54,Epinal,88,2011
2012-01-01 00:00:00,1,10.103278688524592,45.99,Epinal,88,2012
2013-01-01 00:00:00,0,9.6786301369863,63.42,Epinal,88,2013
2014-01-01 00:00:00,0,11.300547945205478,31.08,Epinal,88,2014
2015-01-01 00:00:00,5,11.057808219178082,49.07,Epinal,88,2015
2016-01-01 00:00:00,0,10.29617486338798,47.67,Epinal,88,2016
2017-01-01 00:00:00,0,10.398630136986302,56.28,Epinal,88,2017
2018-01-01 00:00:00,0,11.593972602739727,48.37,Epinal,88,2018
2019-01-01 00:00:00,3,10.921643835616438,42.63,Epinal,88,2019
2020-01-01 00:00:00,3,11.548633879781422,22.19,Epinal,88,2020
2021-01-01 00:00:00,0,9.762739726027398,71.82,Epinal,88,2021
2022-01-01 00:00:00,2,11.704109589041096,36.26,Epinal,88,2022
2023-01-01 00:00:00,0,11.484931506849316,24.36,Epinal,88,2023
2024-01-01 00:00:00,0,11.040983606557376,28.0,Epinal,88,2024
2025-01-01 00:00:00,3,11.155342465753424,14.28,Epinal,88,2025
1950-01-01 00:00:00,0,10.347123287671232,18.62,Beauvais,60,1950
1951-01-01 00:00:00,0,10.295342465753423,7.91,Beauvais,60,1951
1952-01-01 00:00:00,0,10.192076502732242,44.24,Beauvais,60,1952
1953-01-01 00:00:00,0,10.376438356164384,16.1,Beauvais,60,1953
1954-01-01 00:00:00,0,9.772602739726029,17.78,Beauvais,60,1954
1955-01-01 00:00:00,0,9.983561643835616,25.69,Beauvais,60,1955
1956-01-01 00:00:00,0,9.172131147540984,13.79,Beauvais,60,1956
1957-01-01 00:00:00,0,10.734246575342466,5.25,Beauvais,60,1957
1958-01-01 00:00:00,0,10.230684931506849,34.02,Beauvais,60,1958
1959-01-01 00:00:00,0,11.423561643835615,12.11,Beauvais,60,1959
1960-01-01 00:00:00,0,10.514207650273224,7.77,Beauvais,60,1960
1961-01-01 00:00:00,0,11.26109589041096,0.98,Beauvais,60,1961
1962-01-01 00:00:00,0,9.355068493150684,33.25,Beauvais,60,1962
1963-01-01 00:00:00,0,9.164383561643836,13.16,Beauvais,60,1963
1964-01-01 00:00:00,0,10.192622950819672,13.37,Beauvais,60,1964
1965-01-01 00:00:00,0,9.712602739726028,29.82,Beauvais,60,1965
1966-01-01 00:00:00,0,10.39917808219178,5.25,Beauvais,60,1966
1967-01-01 00:00:00,0,10.351780821917808,3.29,Beauvais,60,1967
1968-01-01 00:00:00,0,9.806284153005464,48.51,Beauvais,60,1968
1969-01-01 00:00:00,0,10.188767123287672,34.09,Beauvais,60,1969
1970-01-01 00:00:00,0,10.11041095890411,43.54,Beauvais,60,1970
1971-01-01 00:00:00,0,10.326027397260274,14.98,Beauvais,60,1971
1972-01-01 00:00:00,0,9.76120218579235,18.83,Beauvais,60,1972
1973-01-01 00:00:00,0,10.155068493150685,11.48,Beauvais,60,1973
1974-01-01 00:00:00,0,10.415068493150685,12.11,Beauvais,60,1974
1975-01-01 00:00:00,0,10.24958904109589,18.97,Beauvais,60,1975
1976-01-01 00:00:00,0,10.883060109289618,10.36,Beauvais,60,1976
1977-01-01 00:00:00,0,10.243013698630136,6.44,Beauvais,60,1977
1978-01-01 00:00:00,0,9.668219178082191,66.01,Beauvais,60,1978
1979-01-01 00:00:00,0,9.653972602739726,19.67,Beauvais,60,1979
1980-01-01 00:00:00,0,9.62896174863388,11.55,Beauvais,60,1980
1981-01-01 00:00:00,0,10.303561643835616,26.04,Beauvais,60,1981
1982-01-01 00:00:00,0,10.891780821917807,13.93,Beauvais,60,1982
1983-01-01 00:00:00,0,10.86027397260274,13.16,Beauvais,60,1983
1984-01-01 00:00:00,0,10.247267759562842,22.12,Beauvais,60,1984
1985-01-01 00:00:00,0,9.46164383561644,17.22,Beauvais,60,1985
1986-01-01 00:00:00,0,9.817260273972604,28.98,Beauvais,60,1986
1987-01-01 00:00:00,0,9.65780821917808,18.62,Beauvais,60,1987
1988-01-01 00:00:00,0,10.97704918032787,4.83,Beauvais,60,1988
1989-01-01 00:00:00,0,11.509589041095891,9.66,Beauvais,60,1989
1990-01-01 00:00:00,2,11.666849315068491,8.75,Beauvais,60,1990
1991-01-01 00:00:00,0,10.316164383561643,8.190000000000001,Beauvais,60,1991
1992-01-01 00:00:00,0,10.812841530054644,3.5,Beauvais,60,1992
1993-01-01 00:00:00,0,10.431232876712327,8.61,Beauvais,60,1993
1994-01-01 00:00:00,0,11.613150684931508,12.46,Beauvais,60,1994
1995-01-01 00:00:00,0,11.342191780821915,10.92,Beauvais,60,1995
1996-01-01 00:00:00,0,9.686338797814209,17.849999999999998,Beauvais,60,1996
1997-01-01 00:00:00,0,11.145479452054794,10.15,Beauvais,60,1997
1998-01-01 00:00:00,0,10.82109589041096,2.94,Beauvais,60,1998
1999-01-01 00:00:00,0,11.484109589041095,18.55,Beauvais,60,1999
2000-01-01 00:00:00,0,11.176775956284152,4.76,Beauvais,60,2000
2001-01-01 00:00:00,0,10.963287671232877,11.9,Beauvais,60,2001
2002-01-01 00:00:00,0,11.445205479452056,0.42,Beauvais,60,2002
2003-01-01 00:00:00,7,11.643561643835616,11.41,Beauvais,60,2003
2004-01-01 00:00:00,0,11.028415300546447,17.01,Beauvais,60,2004
2005-01-01 00:00:00,0,11.257260273972602,22.75,Beauvais,60,2005
2006-01-01 00:00:00,1,11.45013698630137,14.14,Beauvais,60,2006
2007-01-01 00:00:00,0,11.446849315068494,4.62,Beauvais,60,2007
2008-01-01 00:00:00,0,10.862021857923498,17.78,Beauvais,60,2008
2009-01-01 00:00:00,0,11.07890410958904,22.82,Beauvais,60,2009
2010-01-01 00:00:00,0,9.893150684931507,36.26,Beauvais,60,2010
2011-01-01 00:00:00,0,12.012602739726027,0.49,Beauvais,60,2011
2012-01-01 00:00:00,1,10.997814207650272,12.74,Beauvais,60,2012
2013-01-01 00:00:00,0,10.562465753424656,53.48,Beauvais,60,2013
2014-01-01 00:00:00,0,11.804109589041095,0.63,Beauvais,60,2014
2015-01-01 00:00:00,1,11.650136986301373,4.55,Beauvais,60,2015
2016-01-01 00:00:00,1,11.239071038251366,4.41,Beauvais,60,2016
2017-01-01 00:00:00,0,11.12931506849315,10.57,Beauvais,60,2017
2018-01-01 00:00:00,1,11.58164383561644,19.04,Beauvais,60,2018
2019-01-01 00:00:00,2,11.20931506849315,24.43,Beauvais,60,2019
2020-01-01 00:00:00,2,11.989344262295084,7.07,Beauvais,60,2020
2021-01-01 00:00:00,0,10.472054794520549,11.76,Beauvais,60,2021
2022-01-01 00:00:00,2,11.928219178082191,10.43,Beauvais,60,2022
2023-01-01 00:00:00,0,11.935068493150686,2.66,Beauvais,60,2023
2024-01-01 00:00:00,1,11.380054644808745,14.14,Beauvais,60,2024
2025-01-01 00:00:00,1,11.289315068493153,20.86,Beauvais,60,2025
1950-01-01 00:00:00,0,11.027397260273972,19.46,Limoges,87,1950
1951-01-01 00:00:00,0,10.354246575342469,24.64,Limoges,87,1951
1952-01-01 00:00:00,0,10.907377049180328,41.44,Limoges,87,1952
1953-01-01 00:00:00,0,10.828219178082191,21.77,Limoges,87,1953
1954-01-01 00:00:00,0,9.974794520547944,16.1,Limoges,87,1954
1955-01-01 00:00:00,0,11.163013698630136,32.34,Limoges,87,1955
1956-01-01 00:00:00,0,9.329781420765029,14.42,Limoges,87,1956
1957-01-01 00:00:00,0,10.788493150684932,7.07,Limoges,87,1957
1958-01-01 00:00:00,0,10.734794520547943,38.36,Limoges,87,1958
1959-01-01 00:00:00,0,12.023013698630136,7.7,Limoges,87,1959
1960-01-01 00:00:00,0,10.790710382513662,26.32,Limoges,87,1960
1961-01-01 00:00:00,0,11.982191780821918,4.34,Limoges,87,1961
1962-01-01 00:00:00,0,10.242191780821916,17.71,Limoges,87,1962
1963-01-01 00:00:00,0,9.834246575342464,13.23,Limoges,87,1963
1964-01-01 00:00:00,0,10.816666666666666,20.93,Limoges,87,1964
1965-01-01 00:00:00,0,10.378904109589042,22.82,Limoges,87,1965
1966-01-01 00:00:00,0,10.974246575342466,8.26,Limoges,87,1966
1967-01-01 00:00:00,0,10.704931506849316,21.49,Limoges,87,1967
1968-01-01 00:00:00,0,10.565573770491802,28.77,Limoges,87,1968
1969-01-01 00:00:00,0,10.446301369863011,30.03,Limoges,87,1969
1970-01-01 00:00:00,0,10.574246575342466,37.1,Limoges,87,1970
1971-01-01 00:00:00,0,10.52191780821918,28.7,Limoges,87,1971
1972-01-01 00:00:00,0,10.32568306010929,19.32,Limoges,87,1972
1973-01-01 00:00:00,0,10.226849315068494,28.28,Limoges,87,1973
1974-01-01 00:00:00,0,10.643287671232876,7.0,Limoges,87,1974
1975-01-01 00:00:00,1,10.583287671232878,39.41,Limoges,87,1975
1976-01-01 00:00:00,0,10.959836065573771,11.41,Limoges,87,1976
1977-01-01 00:00:00,0,10.581917808219178,11.97,Limoges,87,1977
1978-01-01 00:00:00,0,10.36164383561644,41.65,Limoges,87,1978
1979-01-01 00:00:00,0,10.367945205479453,25.27,Limoges,87,1979
1980-01-01 00:00:00,0,9.830874316939893,29.19,Limoges,87,1980
1981-01-01 00:00:00,0,10.607123287671232,32.27,Limoges,87,1981
1982-01-01 00:00:00,0,11.462191780821918,6.44,Limoges,87,1982
1983-01-01 00:00:00,1,11.143835616438356,14.0,Limoges,87,1983
1984-01-01 00:00:00,0,10.461475409836066,7.07,Limoges,87,1984
1985-01-01 00:00:00,0,10.33890410958904,27.72,Limoges,87,1985
1986-01-01 00:00:00,0,10.62054794520548,42.84,Limoges,87,1986
1987-01-01 00:00:00,0,10.681095890410958,32.9,Limoges,87,1987
1988-01-01 00:00:00,0,11.337158469945354,12.81,Limoges,87,1988
1989-01-01 00:00:00,0,12.109041095890412,11.62,Limoges,87,1989
1990-01-01 00:00:00,1,11.94191780821918,7.98,Limoges,87,1990
1991-01-01 00:00:00,0,10.836986301369864,29.82,Limoges,87,1991
1992-01-01 00:00:00,0,11.056010928961747,4.48,Limoges,87,1992
1993-01-01 00:00:00,0,10.886575342465752,8.05,Limoges,87,1993
1994-01-01 00:00:00,0,12.087397260273972,5.88,Limoges,87,1994
1995-01-01 00:00:00,0,11.70794520547945,7.07,Limoges,87,1995
1996-01-01 00:00:00,0,10.9103825136612,28.49,Limoges,87,1996
1997-01-01 00:00:00,0,12.053972602739725,11.13,Limoges,87,1997
1998-01-01 00:00:00,1,11.085753424657534,3.71,Limoges,87,1998
1999-01-01 00:00:00,0,11.517808219178082,23.87,Limoges,87,1999
2000-01-01 00:00:00,0,11.680054644808742,1.89,Limoges,87,2000
2001-01-01 00:00:00,0,11.16876712328767,15.61,Limoges,87,2001
2002-01-01 00:00:00,0,11.793150684931506,1.75,Limoges,87,2002
2003-01-01 00:00:00,9,12.36986301369863,19.81,Limoges,87,2003
2004-01-01 00:00:00,0,11.257377049180327,16.87,Limoges,87,2004
2005-01-01 00:00:00,0,11.355616438356163,24.08,Limoges,87,2005
2006-01-01 00:00:00,0,11.981917808219178,14.35,Limoges,87,2006
2007-01-01 00:00:00,0,11.455342465753423,21.98,Limoges,87,2007
2008-01-01 00:00:00,0,10.905737704918034,14.63,Limoges,87,2008
2009-01-01 00:00:00,0,11.55945205479452,12.32,Limoges,87,2009
2010-01-01 00:00:00,0,10.370958904109589,54.81,Limoges,87,2010
2011-01-01 00:00:00,1,12.515890410958905,2.59,Limoges,87,2011
2012-01-01 00:00:00,1,11.369672131147542,14.77,Limoges,87,2012
2013-01-01 00:00:00,0,10.925753424657534,34.72,Limoges,87,2013
2014-01-01 00:00:00,0,12.213972602739728,3.08,Limoges,87,2014
2015-01-01 00:00:00,1,12.227123287671231,8.4,Limoges,87,2015
2016-01-01 00:00:00,0,11.893169398907103,3.85,Limoges,87,2016
2017-01-01 00:00:00,0,11.61753424657534,4.0600000000000005,Limoges,87,2017
2018-01-01 00:00:00,0,12.45013698630137,15.82,Limoges,87,2018
2019-01-01 00:00:00,3,12.08958904109589,13.93,Limoges,87,2019
2020-01-01 00:00:00,1,12.587431693989071,1.8200000000000005,Limoges,87,2020
2021-01-01 00:00:00,0,11.233150684931507,9.31,Limoges,87,2021
2022-01-01 00:00:00,1,13.0413698630137,6.23,Limoges,87,2022
2023-01-01 00:00:00,2,12.626849315068494,7.56,Limoges,87,2023
2024-01-01 00:00:00,2,12.019125683060109,6.51,Limoges,87,2024
2025-01-01 00:00:00,7,12.586849315068491,18.69,Limoges,87,2025
1950-01-01 00:00:00,0,10.77917808219178,18.76,Bobigny,93,1950
1951-01-01 00:00:00,0,10.556164383561644,2.59,Bobigny,93,1951
1952-01-01 00:00:00,0,10.603551912568308,30.87,Bobigny,93,1952
1953-01-01 00:00:00,0,10.724931506849314,12.53,Bobigny,93,1953
1954-01-01 00:00:00,0,10.173698630136986,15.26,Bobigny,93,1954
1955-01-01 00:00:00,0,10.4786301369863,21.21,Bobigny,93,1955
1956-01-01 00:00:00,0,9.450546448087431,14.84,Bobigny,93,1956
1957-01-01 00:00:00,0,11.028767123287672,3.71,Bobigny,93,1957
1958-01-01 00:00:00,0,10.54986301369863,36.26,Bobigny,93,1958
1959-01-01 00:00:00,1,11.874794520547946,11.83,Bobigny,93,1959
1960-01-01 00:00:00,0,10.91775956284153,7.35,Bobigny,93,1960
1961-01-01 00:00:00,0,11.755616438356164,0.63,Bobigny,93,1961
1962-01-01 00:00:00,0,9.774246575342463,26.46,Bobigny,93,1962
1963-01-01 00:00:00,0,9.57095890410959,10.5,Bobigny,93,1963
1964-01-01 00:00:00,0,10.665300546448089,10.22,Bobigny,93,1964
1965-01-01 00:00:00,0,10.094794520547945,14.35,Bobigny,93,1965
1966-01-01 00:00:00,0,10.761917808219176,4.41,Bobigny,93,1966
1967-01-01 00:00:00,0,10.704109589041096,2.87,Bobigny,93,1967
1968-01-01 00:00:00,0,10.193715846994536,32.62,Bobigny,93,1968
1969-01-01 00:00:00,0,10.475068493150683,24.78,Bobigny,93,1969
1970-01-01 00:00:00,0,10.416712328767122,42.0,Bobigny,93,1970
1971-01-01 00:00:00,0,10.54,11.2,Bobigny,93,1971
1972-01-01 00:00:00,0,10.068579234972676,8.68,Bobigny,93,1972
1973-01-01 00:00:00,0,10.43890410958904,10.78,Bobigny,93,1973
1974-01-01 00:00:00,0,10.835890410958903,8.26,Bobigny,93,1974
1975-01-01 00:00:00,0,10.536712328767123,13.44,Bobigny,93,1975
1976-01-01 00:00:00,4,11.276229508196725,9.52,Bobigny,93,1976
1977-01-01 00:00:00,0,10.576712328767124,2.24,Bobigny,93,1977
1978-01-01 00:00:00,0,9.927397260273972,47.81,Bobigny,93,1978
1979-01-01 00:00:00,0,10.05041095890411,14.56,Bobigny,93,1979
1980-01-01 00:00:00,0,9.919945355191256,11.2,Bobigny,93,1980
1981-01-01 00:00:00,0,10.614246575342465,18.55,Bobigny,93,1981
1982-01-01 00:00:00,0,11.35232876712329,14.28,Bobigny,93,1982
1983-01-01 00:00:00,0,11.169315068493152,10.22,Bobigny,93,1983
1984-01-01 00:00:00,0,10.53497267759563,13.79,Bobigny,93,1984
1985-01-01 00:00:00,0,9.796712328767123,10.01,Bobigny,93,1985
1986-01-01 00:00:00,0,10.133972602739728,24.64,Bobigny,93,1986
1987-01-01 00:00:00,0,9.944383561643836,25.69,Bobigny,93,1987
1988-01-01 00:00:00,0,11.380054644808745,3.36,Bobigny,93,1988
1989-01-01 00:00:00,0,11.812054794520549,2.87,Bobigny,93,1989
1990-01-01 00:00:00,1,12.08876712328767,8.05,Bobigny,93,1990
1991-01-01 00:00:00,0,10.691506849315068,6.16,Bobigny,93,1991
1992-01-01 00:00:00,1,11.137158469945357,1.89,Bobigny,93,1992
1993-01-01 00:00:00,0,10.791506849315068,5.11,Bobigny,93,1993
1994-01-01 00:00:00,0,12.03835616438356,6.23,Bobigny,93,1994
1995-01-01 00:00:00,0,11.63808219178082,11.41,Bobigny,93,1995
1996-01-01 00:00:00,0,10.195628415300549,17.22,Bobigny,93,1996
1997-01-01 00:00:00,0,11.471780821917807,14.000000000000002,Bobigny,93,1997
1998-01-01 00:00:00,0,11.143287671232876,3.22,Bobigny,93,1998
1999-01-01 00:00:00,0,11.809863013698632,19.04,Bobigny,93,1999
2000-01-01 00:00:00,0,11.582513661202183,2.87,Bobigny,93,2000
2001-01-01 00:00:00,0,11.312876712328766,3.99,Bobigny,93,2001
2002-01-01 00:00:00,0,11.865753424657534,0.49,Bobigny,93,2002
2003-01-01 00:00:00,6,12.073150684931507,8.82,Bobigny,93,2003
2004-01-01 00:00:00,0,11.412295081967212,17.99,Bobigny,93,2004
2005-01-01 00:00:00,0,11.627397260273971,21.07,Bobigny,93,2005
2006-01-01 00:00:00,1,11.90876712328767,11.06,Bobigny,93,2006
2007-01-01 00:00:00,0,11.77780821917808,1.89,Bobigny,93,2007
2008-01-01 00:00:00,0,11.186612021857924,8.82,Bobigny,93,2008
2009-01-01 00:00:00,0,11.487671232876712,14.56,Bobigny,93,2009
2010-01-01 00:00:00,0,10.355342465753424,40.95,Bobigny,93,2010
2011-01-01 00:00:00,0,12.46027397260274,0.07,Bobigny,93,2011
2012-01-01 00:00:00,0,11.46120218579235,7.49,Bobigny,93,2012
2013-01-01 00:00:00,0,11.037808219178082,37.94,Bobigny,93,2013
2014-01-01 00:00:00,0,12.18219178082192,1.4,Bobigny,93,2014
2015-01-01 00:00:00,1,12.17123287671233,2.59,Bobigny,93,2015
2016-01-01 00:00:00,1,11.633879781420765,3.29,Bobigny,93,2016
2017-01-01 00:00:00,1,12.022739726027398,4.55,Bobigny,93,2017
2018-01-01 00:00:00,0,12.611506849315068,23.17,Bobigny,93,2018
2019-01-01 00:00:00,2,12.248767123287672,19.6,Bobigny,93,2019
2020-01-01 00:00:00,4,13.051912568306012,0.91,Bobigny,93,2020
2021-01-01 00:00:00,0,11.416164383561645,10.15,Bobigny,93,2021
2022-01-01 00:00:00,1,12.903835616438355,8.469999999999999,Bobigny,93,2022
2023-01-01 00:00:00,0,12.884109589041095,4.13,Bobigny,93,2023
2024-01-01 00:00:00,2,12.313661202185791,11.76,Bobigny,93,2024
2025-01-01 00:00:00,1,12.841643835616438,7.279999999999999,Bobigny,93,2025
1950-01-01 00:00:00,0,11.02986301369863,1.89,Caen,14,1950
1951-01-01 00:00:00,0,10.97068493150685,0.56,Caen,14,1951
1952-01-01 00:00:00,0,10.906010928961749,20.44,Caen,14,1952
1953-01-01 00:00:00,1,10.97945205479452,15.75,Caen,14,1953
1954-01-01 00:00:00,0,10.455616438356165,5.39,Caen,14,1954
1955-01-01 00:00:00,0,10.61917808219178,15.89,Caen,14,1955
1956-01-01 00:00:00,0,9.88360655737705,17.990000000000002,Caen,14,1956
1957-01-01 00:00:00,1,11.476712328767125,0.21,Caen,14,1957
1958-01-01 00:00:00,0,10.914794520547945,25.48,Caen,14,1958
1959-01-01 00:00:00,2,12.07150684931507,2.38,Caen,14,1959
1960-01-01 00:00:00,0,11.168306010928962,9.59,Caen,14,1960
1961-01-01 00:00:00,1,11.673150684931509,0.42,Caen,14,1961
1962-01-01 00:00:00,0,10.077534246575343,19.95,Caen,14,1962
1963-01-01 00:00:00,0,9.633424657534244,12.11,Caen,14,1963
1964-01-01 00:00:00,1,10.645901639344263,14.91,Caen,14,1964
1965-01-01 00:00:00,0,10.42054794520548,7.35,Caen,14,1965
1966-01-01 00:00:00,0,10.907123287671231,6.58,Caen,14,1966
1967-01-01 00:00:00,0,10.949041095890411,7.07,Caen,14,1967
1968-01-01 00:00:00,1,10.625409836065574,8.540000000000001,Caen,14,1968
1969-01-01 00:00:00,0,10.986849315068492,15.33,Caen,14,1969
1970-01-01 00:00:00,0,10.923835616438357,32.55,Caen,14,1970
1971-01-01 00:00:00,0,10.98,12.74,Caen,14,1971
1972-01-01 00:00:00,0,10.45,7.49,Caen,14,1972
1973-01-01 00:00:00,0,10.70986301369863,3.22,Caen,14,1973
1974-01-01 00:00:00,0,10.94082191780822,1.4,Caen,14,1974
1975-01-01 00:00:00,2,10.933424657534246,4.76,Caen,14,1975
1976-01-01 00:00:00,5,11.454098360655736,9.52,Caen,14,1976
1977-01-01 00:00:00,0,10.853150684931506,3.5,Caen,14,1977
1978-01-01 00:00:00,0,10.533972602739729,28.14,Caen,14,1978
1979-01-01 00:00:00,0,10.34,20.09,Caen,14,1979
1980-01-01 00:00:00,0,10.450546448087431,6.23,Caen,14,1980
1981-01-01 00:00:00,0,11.075068493150685,12.53,Caen,14,1981
1982-01-01 00:00:00,0,11.553150684931506,11.69,Caen,14,1982
1983-01-01 00:00:00,1,11.352876712328769,2.87,Caen,14,1983
1984-01-01 00:00:00,0,10.996994535519129,7.28,Caen,14,1984
1985-01-01 00:00:00,0,10.303013698630137,14.98,Caen,14,1985
1986-01-01 00:00:00,2,10.401643835616438,20.37,Caen,14,1986
1987-01-01 00:00:00,0,10.46931506849315,14.91,Caen,14,1987
1988-01-01 00:00:00,0,11.515027322404372,3.01,Caen,14,1988
1989-01-01 00:00:00,0,12.15945205479452,2.66,Caen,14,1989
1990-01-01 00:00:00,4,12.305479452054794,1.54,Caen,14,1990
1991-01-01 00:00:00,0,10.927397260273972,7.979999999999999,Caen,14,1991
1992-01-01 00:00:00,1,11.300546448087433,0.0,Caen,14,1992
1993-01-01 00:00:00,0,11.029041095890411,2.1,Caen,14,1993
1994-01-01 00:00:00,0,12.006575342465752,1.12,Caen,14,1994
1995-01-01 00:00:00,3,11.984109589041095,0.42,Caen,14,1995
1996-01-01 00:00:00,1,10.652185792349728,15.26,Caen,14,1996
1997-01-01 00:00:00,0,11.665479452054791,8.68,Caen,14,1997
1998-01-01 00:00:00,0,11.532054794520548,0.0,Caen,14,1998
1999-01-01 00:00:00,0,12.091506849315069,5.6,Caen,14,1999
2000-01-01 00:00:00,0,11.710109289617485,0.8400000000000001,Caen,14,2000
2001-01-01 00:00:00,1,11.546849315068494,2.52,Caen,14,2001
2002-01-01 00:00:00,0,11.967671232876713,0.14,Caen,14,2002
2003-01-01 00:00:00,7,12.111506849315068,5.74,Caen,14,2003
2004-01-01 00:00:00,1,11.737158469945356,9.66,Caen,14,2004
2005-01-01 00:00:00,3,11.90054794520548,8.26,Caen,14,2005
2006-01-01 00:00:00,2,12.059178082191782,11.62,Caen,14,2006
2007-01-01 00:00:00,0,11.773972602739724,7.35,Caen,14,2007
2008-01-01 00:00:00,0,11.421311475409835,2.52,Caen,14,2008
2009-01-01 00:00:00,0,11.513698630136986,8.68,Caen,14,2009
2010-01-01 00:00:00,0,10.558630136986302,27.16,Caen,14,2010
2011-01-01 00:00:00,1,12.445205479452056,0.07,Caen,14,2011
2012-01-01 00:00:00,0,11.456284153005464,7.07,Caen,14,2012
2013-01-01 00:00:00,2,11.206849315068494,35.21,Caen,14,2013
2014-01-01 00:00:00,0,12.353424657534246,0.07,Caen,14,2014
2015-01-01 00:00:00,1,12.157534246575343,1.54,Caen,14,2015
2016-01-01 00:00:00,2,11.811748633879782,1.89,Caen,14,2016
2017-01-01 00:00:00,2,11.93178082191781,7.28,Caen,14,2017
2018-01-01 00:00:00,0,11.983561643835616,5.32,Caen,14,2018
2019-01-01 00:00:00,2,11.929863013698627,5.11,Caen,14,2019
2020-01-01 00:00:00,4,12.428142076502732,0.8400000000000001,Caen,14,2020
2021-01-01 00:00:00,0,11.294794520547946,8.68,Caen,14,2021
2022-01-01 00:00:00,2,12.576438356164385,7.63,Caen,14,2022
2023-01-01 00:00:00,0,12.582739726027397,3.3600000000000003,Caen,14,2023
2024-01-01 00:00:00,0,12.132786885245904,26.25,Caen,14,2024
2025-01-01 00:00:00,1,12.273150684931506,11.83,Caen,14,2025
1950-01-01 00:00:00,0,12.478904109589042,36.26,Albi,81,1950
1951-01-01 00:00:00,0,11.655616438356164,13.51,Albi,81,1951
1952-01-01 00:00:00,0,12.450273224043716,25.34,Albi,81,1952
1953-01-01 00:00:00,0,11.946027397260275,24.85,Albi,81,1953
1954-01-01 00:00:00,0,11.19041095890411,20.16,Albi,81,1954
1955-01-01 00:00:00,0,12.824109589041097,15.26,Albi,81,1955
1956-01-01 00:00:00,0,10.786338797814208,20.37,Albi,81,1956
1957-01-01 00:00:00,0,11.811780821917807,7.28,Albi,81,1957
1958-01-01 00:00:00,0,12.235616438356164,22.68,Albi,81,1958
1959-01-01 00:00:00,0,12.944657534246575,3.99,Albi,81,1959
1960-01-01 00:00:00,0,11.969398907103823,45.57,Albi,81,1960
1961-01-01 00:00:00,0,13.262191780821915,0.0,Albi,81,1961
1962-01-01 00:00:00,0,11.943287671232875,10.92,Albi,81,1962
1963-01-01 00:00:00,0,11.253150684931503,14.35,Albi,81,1963
1964-01-01 00:00:00,0,12.14344262295082,24.85,Albi,81,1964
1965-01-01 00:00:00,0,11.771232876712329,10.92,Albi,81,1965
1966-01-01 00:00:00,0,12.410136986301367,5.32,Albi,81,1966
1967-01-01 00:00:00,0,12.140273972602738,29.12,Albi,81,1967
1968-01-01 00:00:00,0,12.1224043715847,16.94,Albi,81,1968
1969-01-01 00:00:00,0,11.662191780821916,18.34,Albi,81,1969
1970-01-01 00:00:00,0,11.976164383561644,41.86,Albi,81,1970
1971-01-01 00:00:00,0,11.796438356164384,19.18,Albi,81,1971
1972-01-01 00:00:00,0,11.797814207650273,8.26,Albi,81,1972
1973-01-01 00:00:00,0,11.60958904109589,18.06,Albi,81,1973
1974-01-01 00:00:00,0,11.673424657534246,14.35,Albi,81,1974
1975-01-01 00:00:00,0,11.849589041095893,20.72,Albi,81,1975
1976-01-01 00:00:00,0,12.053551912568308,7.0,Albi,81,1976
1977-01-01 00:00:00,0,11.846575342465751,14.7,Albi,81,1977
1978-01-01 00:00:00,0,11.615616438356165,39.13,Albi,81,1978
1979-01-01 00:00:00,0,11.691780821917808,15.82,Albi,81,1979
1980-01-01 00:00:00,0,11.082786885245902,40.95,Albi,81,1980
1981-01-01 00:00:00,0,11.902739726027397,16.240000000000002,Albi,81,1981
1982-01-01 00:00:00,0,12.78,6.300000000000001,Albi,81,1982
1983-01-01 00:00:00,1,12.53945205479452,11.41,Albi,81,1983
1984-01-01 00:00:00,0,11.600819672131149,4.48,Albi,81,1984
1985-01-01 00:00:00,0,11.762465753424658,25.48,Albi,81,1985
1986-01-01 00:00:00,0,12.305205479452054,28.07,Albi,81,1986
1987-01-01 00:00:00,0,12.295342465753423,38.43,Albi,81,1987
1988-01-01 00:00:00,0,12.67513661202186,9.87,Albi,81,1988
1989-01-01 00:00:00,0,13.708767123287672,5.32,Albi,81,1989
1990-01-01 00:00:00,0,13.169315068493152,8.82,Albi,81,1990
1991-01-01 00:00:00,0,12.224931506849316,7.98,Albi,81,1991
1992-01-01 00:00:00,0,12.228415300546448,11.13,Albi,81,1992
1993-01-01 00:00:00,0,12.3213698630137,15.19,Albi,81,1993
1994-01-01 00:00:00,0,13.291506849315068,7.140000000000001,Albi,81,1994
1995-01-01 00:00:00,0,12.912054794520548,5.95,Albi,81,1995
1996-01-01 00:00:00,0,12.294535519125684,15.68,Albi,81,1996
1997-01-01 00:00:00,0,13.62931506849315,10.64,Albi,81,1997
1998-01-01 00:00:00,0,12.4,3.3600000000000003,Albi,81,1998
1999-01-01 00:00:00,0,12.738630136986302,23.73,Albi,81,1999
2000-01-01 00:00:00,0,12.853278688524592,2.8000000000000003,Albi,81,2000
2001-01-01 00:00:00,0,12.550684931506847,10.08,Albi,81,2001
2002-01-01 00:00:00,0,12.98082191780822,0.42,Albi,81,2002
2003-01-01 00:00:00,8,13.81972602739726,19.67,Albi,81,2003
2004-01-01 00:00:00,0,12.565573770491802,11.83,Albi,81,2004
2005-01-01 00:00:00,0,12.506575342465752,17.22,Albi,81,2005
2006-01-01 00:00:00,0,13.486849315068492,34.65,Albi,81,2006
2007-01-01 00:00:00,0,12.414520547945203,9.87,Albi,81,2007
2008-01-01 00:00:00,0,12.381147540983608,22.47,Albi,81,2008
2009-01-01 00:00:00,0,13.136986301369864,12.04,Albi,81,2009
2010-01-01 00:00:00,0,11.888219178082192,34.44,Albi,81,2010
2011-01-01 00:00:00,0,13.81780821917808,2.7300000000000004,Albi,81,2011
2012-01-01 00:00:00,0,12.882786885245904,7.28,Albi,81,2012
2013-01-01 00:00:00,0,12.25095890410959,45.99,Albi,81,2013
2014-01-01 00:00:00,0,13.486301369863014,1.19,Albi,81,2014
2015-01-01 00:00:00,0,13.536164383561644,11.9,Albi,81,2015
2016-01-01 00:00:00,0,13.344535519125683,1.89,Albi,81,2016
2017-01-01 00:00:00,0,12.875890410958904,14.14,Albi,81,2017
2018-01-01 00:00:00,0,13.657260273972602,7.63,Albi,81,2018
2019-01-01 00:00:00,2,13.312602739726028,1.4,Albi,81,2019
2020-01-01 00:00:00,1,13.892349726775958,0.8400000000000001,Albi,81,2020
2021-01-01 00:00:00,0,12.863013698630136,7.35,Albi,81,2021
2022-01-01 00:00:00,5,14.813972602739726,7.210000000000001,Albi,81,2022
2023-01-01 00:00:00,4,14.05150684931507,13.51,Albi,81,2023
2024-01-01 00:00:00,0,13.69726775956284,9.66,Albi,81,2024
2025-01-01 00:00:00,4,13.986027397260273,6.51,Albi,81,2025
1950-01-01 00:00:00,0,10.349863013698627,31.99,Châlons-en-Champagne,51,1950
1951-01-01 00:00:00,0,10.313150684931507,8.26,Châlons-en-Champagne,51,1951
1952-01-01 00:00:00,3,10.264754098360656,39.76,Châlons-en-Champagne,51,1952
1953-01-01 00:00:00,0,10.56109589041096,16.31,Châlons-en-Champagne,51,1953
1954-01-01 00:00:00,0,9.687397260273972,17.15,Châlons-en-Champagne,51,1954
1955-01-01 00:00:00,0,10.00876712328767,24.85,Châlons-en-Champagne,51,1955
1956-01-01 00:00:00,0,8.973770491803279,27.09,Châlons-en-Champagne,51,1956
1957-01-01 00:00:00,0,10.598082191780822,6.789999999999999,Châlons-en-Champagne,51,1957
1958-01-01 00:00:00,0,10.216712328767125,39.06,Châlons-en-Champagne,51,1958
1959-01-01 00:00:00,0,11.584383561643836,16.17,Châlons-en-Champagne,51,1959
1960-01-01 00:00:00,0,10.567213114754098,11.69,Châlons-en-Champagne,51,1960
1961-01-01 00:00:00,0,11.466849315068492,3.29,Châlons-en-Champagne,51,1961
1962-01-01 00:00:00,0,9.345753424657534,32.76,Châlons-en-Champagne,51,1962
1963-01-01 00:00:00,0,9.243287671232878,12.67,Châlons-en-Champagne,51,1963
1964-01-01 00:00:00,1,10.529234972677596,22.33,Châlons-en-Champagne,51,1964
1965-01-01 00:00:00,0,9.771506849315069,22.75,Châlons-en-Champagne,51,1965
1966-01-01 00:00:00,0,10.65808219178082,10.85,Châlons-en-Champagne,51,1966
1967-01-01 00:00:00,0,10.498356164383562,12.6,Châlons-en-Champagne,51,1967
1968-01-01 00:00:00,0,9.89398907103825,42.7,Châlons-en-Champagne,51,1968
1969-01-01 00:00:00,0,10.054246575342466,36.75,Châlons-en-Champagne,51,1969
1970-01-01 00:00:00,0,9.975890410958904,63.28,Châlons-en-Champagne,51,1970
1971-01-01 00:00:00,0,10.276712328767124,16.45,Châlons-en-Champagne,51,1971
1972-01-01 00:00:00,0,9.7551912568306,11.13,Châlons-en-Champagne,51,1972
1973-01-01 00:00:00,0,10.123561643835616,10.64,Châlons-en-Champagne,51,1973
1974-01-01 00:00:00,0,10.583013698630138,7.07,Châlons-en-Champagne,51,1974
1975-01-01 00:00:00,1,10.468219178082192,15.82,Châlons-en-Champagne,51,1975
1976-01-01 00:00:00,0,10.925136612021856,16.66,Châlons-en-Champagne,51,1976
1977-01-01 00:00:00,0,10.392602739726028,4.9,Châlons-en-Champagne,51,1977
1978-01-01 00:00:00,0,9.54054794520548,42.07,Châlons-en-Champagne,51,1978
1979-01-01 00:00:00,0,9.748219178082191,24.36,Châlons-en-Champagne,51,1979
1980-01-01 00:00:00,0,9.595081967213115,14.35,Châlons-en-Champagne,51,1980
1981-01-01 00:00:00,0,10.217534246575342,26.74,Châlons-en-Champagne,51,1981
1982-01-01 00:00:00,0,10.968767123287671,15.61,Châlons-en-Champagne,51,1982
1983-01-01 00:00:00,1,10.845753424657534,10.29,Châlons-en-Champagne,51,1983
1984-01-01 00:00:00,0,10.203278688524591,24.22,Châlons-en-Champagne,51,1984
1985-01-01 00:00:00,0,9.312328767123288,31.99,Châlons-en-Champagne,51,1985
1986-01-01 00:00:00,0,9.827397260273973,32.41,Châlons-en-Champagne,51,1986
1987-01-01 00:00:00,0,9.673972602739726,24.64,Châlons-en-Champagne,51,1987
1988-01-01 00:00:00,0,11.12377049180328,8.47,Châlons-en-Champagne,51,1988
1989-01-01 00:00:00,0,11.46821917808219,3.22,Châlons-en-Champagne,51,1989
1990-01-01 00:00:00,0,11.545479452054796,18.27,Châlons-en-Champagne,51,1990
1991-01-01 00:00:00,0,10.37068493150685,13.23,Châlons-en-Champagne,51,1991
1992-01-01 00:00:00,1,10.949726775956284,1.33,Châlons-en-Champagne,51,1992
1993-01-01 00:00:00,0,10.6786301369863,6.23,Châlons-en-Champagne,51,1993
1994-01-01 00:00:00,0,11.826575342465754,10.99,Châlons-en-Champagne,51,1994
1995-01-01 00:00:00,1,11.228219178082192,15.75,Châlons-en-Champagne,51,1995
1996-01-01 00:00:00,0,9.660655737704918,28.35,Châlons-en-Champagne,51,1996
1997-01-01 00:00:00,0,10.886301369863014,22.75,Châlons-en-Champagne,51,1997
1998-01-01 00:00:00,2,10.691506849315068,7.28,Châlons-en-Champagne,51,1998
1999-01-01 00:00:00,0,11.38986301369863,33.18,Châlons-en-Champagne,51,1999
2000-01-01 00:00:00,0,11.42896174863388,0.98,Châlons-en-Champagne,51,2000
2001-01-01 00:00:00,0,10.953698630136984,11.76,Châlons-en-Champagne,51,2001
2002-01-01 00:00:00,0,11.615890410958905,0.28,Châlons-en-Champagne,51,2002
2003-01-01 00:00:00,8,11.63890410958904,16.17,Châlons-en-Champagne,51,2003
2004-01-01 00:00:00,0,10.784426229508195,26.04,Châlons-en-Champagne,51,2004
2005-01-01 00:00:00,0,11.210684931506847,28.7,Châlons-en-Champagne,51,2005
2006-01-01 00:00:00,2,11.582739726027397,17.36,Châlons-en-Champagne,51,2006
2007-01-01 00:00:00,0,11.443287671232875,2.73,Châlons-en-Champagne,51,2007
2008-01-01 00:00:00,0,10.78825136612022,12.88,Châlons-en-Champagne,51,2008
2009-01-01 00:00:00,1,11.132054794520547,19.25,Châlons-en-Champagne,51,2009
2010-01-01 00:00:00,0,10.002739726027396,55.58,Châlons-en-Champagne,51,2010
2011-01-01 00:00:00,0,12.038082191780822,4.69,Châlons-en-Champagne,51,2011
2012-01-01 00:00:00,1,11.037704918032787,8.47,Châlons-en-Champagne,51,2012
2013-01-01 00:00:00,0,10.68082191780822,31.08,Châlons-en-Champagne,51,2013
2014-01-01 00:00:00,0,12.158356164383562,3.29,Châlons-en-Champagne,51,2014
2015-01-01 00:00:00,4,11.876712328767123,7.98,Châlons-en-Champagne,51,2015
2016-01-01 00:00:00,1,11.298360655737705,2.8,Châlons-en-Champagne,51,2016
2017-01-01 00:00:00,1,11.443561643835617,10.64,Châlons-en-Champagne,51,2017
2018-01-01 00:00:00,4,12.544109589041096,23.17,Châlons-en-Champagne,51,2018
2019-01-01 00:00:00,4,12.02849315068493,21.42,Châlons-en-Champagne,51,2019
2020-01-01 00:00:00,7,12.769398907103826,5.46,Châlons-en-Champagne,51,2020
2021-01-01 00:00:00,0,10.97835616438356,20.23,Châlons-en-Champagne,51,2021
2022-01-01 00:00:00,1,12.45013698630137,5.18,Châlons-en-Champagne,51,2022
2023-01-01 00:00:00,0,12.34082191780822,7.069999999999999,Châlons-en-Champagne,51,2023
2024-01-01 00:00:00,0,11.883606557377048,13.58,Châlons-en-Champagne,51,2024
2025-01-01 00:00:00,3,11.952602739726029,6.72,Châlons-en-Champagne,51,2025
1950-01-01 00:00:00,0,10.276164383561644,28.42,Guéret,23,1950
1951-01-01 00:00:00,0,9.650958904109588,24.08,Guéret,23,1951
1952-01-01 00:00:00,1,10.039071038251366,56.7,Guéret,23,1952
1953-01-01 00:00:00,0,9.91835616438356,34.09,Guéret,23,1953
1954-01-01 00:00:00,0,9.16904109589041,31.36,Guéret,23,1954
1955-01-01 00:00:00,0,10.18958904109589,34.230000000000004,Guéret,23,1955
1956-01-01 00:00:00,0,8.513934426229508,19.04,Guéret,23,1956
1957-01-01 00:00:00,0,9.951506849315068,19.04,Guéret,23,1957
1958-01-01 00:00:00,0,9.926301369863014,48.23,Guéret,23,1958
1959-01-01 00:00:00,0,11.266027397260276,9.73,Guéret,23,1959
1960-01-01 00:00:00,0,10.031147540983607,33.67,Guéret,23,1960
1961-01-01 00:00:00,0,11.222739726027397,10.290000000000001,Guéret,23,1961
1962-01-01 00:00:00,0,9.246575342465754,38.15,Guéret,23,1962
1963-01-01 00:00:00,0,8.977808219178083,24.36,Guéret,23,1963
1964-01-01 00:00:00,0,9.935245901639345,28.279999999999998,Guéret,23,1964
1965-01-01 00:00:00,0,9.511232876712329,37.03,Guéret,23,1965
1966-01-01 00:00:00,0,10.176986301369864,24.71,Guéret,23,1966
1967-01-01 00:00:00,0,9.977534246575344,27.23,Guéret,23,1967
1968-01-01 00:00:00,0,9.671311475409835,39.97,Guéret,23,1968
1969-01-01 00:00:00,0,9.590958904109588,50.4,Guéret,23,1969
1970-01-01 00:00:00,0,9.77068493150685,58.800000000000004,Guéret,23,1970
1971-01-01 00:00:00,0,9.653424657534247,44.660000000000004,Guéret,23,1971
1972-01-01 00:00:00,0,9.418852459016394,24.78,Guéret,23,1972
1973-01-01 00:00:00,0,9.412602739726028,31.36,Guéret,23,1973
1974-01-01 00:00:00,0,9.833150684931507,10.15,Guéret,23,1974
1975-01-01 00:00:00,0,9.536164383561644,48.23,Guéret,23,1975
1976-01-01 00:00:00,0,10.199726775956284,23.73,Guéret,23,1976
1977-01-01 00:00:00,0,9.826575342465754,15.959999999999999,Guéret,23,1977
1978-01-01 00:00:00,0,9.443561643835617,63.77,Guéret,23,1978
1979-01-01 00:00:00,0,9.593424657534246,41.44,Guéret,23,1979
1980-01-01 00:00:00,0,8.989890710382515,57.05,Guéret,23,1980
1981-01-01 00:00:00,0,9.783561643835617,49.21,Guéret,23,1981
1982-01-01 00:00:00,0,10.728767123287671,18.34,Guéret,23,1982
1983-01-01 00:00:00,0,10.326027397260274,30.52,Guéret,23,1983
1984-01-01 00:00:00,0,9.643715846994535,15.96,Guéret,23,1984
1985-01-01 00:00:00,0,9.503835616438357,36.19,Guéret,23,1985
1986-01-01 00:00:00,0,9.826301369863014,40.32,Guéret,23,1986
1987-01-01 00:00:00,0,9.772602739726027,45.57,Guéret,23,1987
1988-01-01 00:00:00,0,10.447540983606558,22.12,Guéret,23,1988
1989-01-01 00:00:00,0,11.243835616438357,3.85,Guéret,23,1989
1990-01-01 00:00:00,0,11.183835616438357,17.15,Guéret,23,1990
1991-01-01 00:00:00,0,10.036712328767123,25.2,Guéret,23,1991
1992-01-01 00:00:00,0,10.333879781420764,10.29,Guéret,23,1992
1993-01-01 00:00:00,0,10.13013698630137,13.65,Guéret,23,1993
1994-01-01 00:00:00,0,11.361369863013698,12.389999999999999,Guéret,23,1994
1995-01-01 00:00:00,0,10.8786301369863,18.34,Guéret,23,1995
1996-01-01 00:00:00,0,9.958743169398907,42.21,Guéret,23,1996
1997-01-01 00:00:00,0,11.196438356164384,18.2,Guéret,23,1997
1998-01-01 00:00:00,1,10.376986301369863,9.799999999999999,Guéret,23,1998
1999-01-01 00:00:00,0,10.73123287671233,43.61,Guéret,23,1999
2000-01-01 00:00:00,0,10.880327868852458,4.41,Guéret,23,2000
2001-01-01 00:00:00,0,10.298356164383561,19.04,Guéret,23,2001
2002-01-01 00:00:00,0,11.04054794520548,0.35000000000000003,Guéret,23,2002
2003-01-01 00:00:00,10,11.526301369863015,31.29,Guéret,23,2003
2004-01-01 00:00:00,0,10.3724043715847,38.57,Guéret,23,2004
2005-01-01 00:00:00,0,10.388219178082192,50.89,Guéret,23,2005
2006-01-01 00:00:00,0,11.11890410958904,22.05,Guéret,23,2006
2007-01-01 00:00:00,0,10.533424657534246,31.78,Guéret,23,2007
2008-01-01 00:00:00,0,10.062295081967214,23.59,Guéret,23,2008
2009-01-01 00:00:00,0,10.653972602739726,22.68,Guéret,23,2009
2010-01-01 00:00:00,0,9.42876712328767,62.93,Guéret,23,2010
2011-01-01 00:00:00,0,11.643013698630137,7.77,Guéret,23,2011
2012-01-01 00:00:00,2,10.543715846994536,21.28,Guéret,23,2012
2013-01-01 00:00:00,0,10.042739726027397,44.87,Guéret,23,2013
2014-01-01 00:00:00,0,11.443013698630136,5.6000000000000005,Guéret,23,2014
2015-01-01 00:00:00,0,11.533972602739725,18.76,Guéret,23,2015
2016-01-01 00:00:00,0,10.945081967213115,7.91,Guéret,23,2016
2017-01-01 00:00:00,0,10.861643835616439,25.97,Guéret,23,2017
2018-01-01 00:00:00,0,11.67068493150685,34.58,Guéret,23,2018
2019-01-01 00:00:00,5,11.475342465753425,27.58,Guéret,23,2019
2020-01-01 00:00:00,1,11.90327868852459,15.26,Guéret,23,2020
2021-01-01 00:00:00,0,10.401369863013699,30.66,Guéret,23,2021
2022-01-01 00:00:00,1,12.26054794520548,16.1,Guéret,23,2022
2023-01-01 00:00:00,1,11.959178082191782,26.04,Guéret,23,2023
2024-01-01 00:00:00,0,11.407650273224043,10.85,Guéret,23,2024
2025-01-01 00:00:00,2,11.64986301369863,23.17,Guéret,23,2025
